Compound,Date,Media Sources,Negative,Neutral,Positive,Tweet,Tweets Ago
0.4019,Sat Feb 02 20:17:00 +0000 2019,@BBC,0.0,0.876,0.124,"As @OtiMabuse and @Joe_Sugg clearly show, you don't need to be a big deal to make a big difference this #RedNoseDay‚Ä¶ https://t.co/igWlmnSv6h",0
0.4939,Sat Feb 02 17:55:15 +0000 2019,@BBC,0.0,0.856,0.144,RT @BBCRadio2: üá∫üá∏ü•ß @DonMcleanonline's 'American Pie' is a classic hit in the folk-rock genre and inspired Madonna. This is the heartbreakin‚Ä¶,1
0.5106,Sat Feb 02 17:55:01 +0000 2019,@BBC,0.0,0.829,0.171,"RT @BBCOne: My eye allergies are having a strong reaction to this scene üò¢
@TheLizCarr

#SilentWitness | on @BBCiPlayer https://t.co/4A2uUqh‚Ä¶",2
-0.7003,Sat Feb 02 17:54:53 +0000 2019,@BBC,0.266,0.734,0.0,RT @BBCiPlayer: Nearly half of the UK's population could die if antibiotics stopped working against resistant bacteria. https://t.co/aNu4YA‚Ä¶,3
0.6369,Sat Feb 02 17:54:48 +0000 2019,@BBC,0.0,0.865,0.135,RT @BBCRadio4: The news won't be the same without Jeremy Hardy's take on it. Here are some of the best moments from his years on The News Q‚Ä¶,4
-0.1779,Sat Feb 02 17:01:07 +0000 2019,@BBC,0.13,0.769,0.101,"As we wake up to the damage that plastics cause the environment, nature is offering us some natural solutions... üå±‚ôªÔ∏è https://t.co/3ooEaDvpEU",5
0.2003,Sat Feb 02 17:01:07 +0000 2019,@BBC,0.0,0.905,0.095,"We tend to take it for granted that maps are accurate... but that's not always the case! üó∫
https://t.co/O5qZEAWYTd",6
0.8074,Sat Feb 02 16:01:03 +0000 2019,@BBC,0.0,0.657,0.343,Winterwatch presenter @ChrisGPackham and @BirdTherapy author Joe Harkness talk in a brilliantly honest way about ho‚Ä¶ https://t.co/HV4WciXF3X,7
0.0,Sat Feb 02 15:01:09 +0000 2019,@BBC,0.0,1.0,0.0,"Football team Boca Juniors have signed a player named Kevin Mac Allister, and the internet has responded in the onl‚Ä¶ https://t.co/kCW2qsqUZI",8
0.3612,Sat Feb 02 14:01:09 +0000 2019,@BBC,0.0,0.848,0.152,"In 1984, Tomorrow's World introduced us to instruments that sound like other instruments... üòÆüé∏üé∂
https://t.co/zueTqYQz3k",9
0.0,Sat Feb 02 13:01:06 +0000 2019,@BBC,0.0,1.0,0.0,"Think your morning commute is a hassle? These Filipino children swim across rivers, holding their books above their‚Ä¶ https://t.co/CSJnKrAQFk",10
-0.128,Sat Feb 02 12:01:05 +0000 2019,@BBC,0.189,0.683,0.129,"Up Helly Aa is an annual fire festival (not be confused with Fyre Festival...) on the Shetland Islands üî•üè¥Û†ÅßÛ†Å¢Û†Å≥Û†Å£Û†Å¥Û†Åø
https://t.co/9bur6TX1dh",11
0.0772,Sat Feb 02 11:02:02 +0000 2019,@BBC,0.0,0.929,0.071,Take your cake baking game to the next level this weekend with this salted chocolate number üòãüç´‚Ä¶ https://t.co/uC4Wt4wICd,12
0.8555,Sat Feb 02 09:01:03 +0000 2019,@BBC,0.0,0.682,0.318,"Love to hike? ‚õ∞Then the Sinai Trail, dubbed the 'world's best hike', should be on your bucket list üëâ‚Ä¶ https://t.co/piRVO76G1O",13
0.6696,Sat Feb 02 09:01:00 +0000 2019,@BBC,0.0,0.824,0.176,Tonight at 7:30pm on @BBCOne: The Greatest Dancer is handing YOU the power in the first of the live shows! üíÉüï∫ https://t.co/8mK01Cu8zE,14
0.25,Fri Feb 01 20:01:04 +0000 2019,@BBC,0.0,0.909,0.091,Anna Bergstrom has created a shopping mall where everything has one thing in common: every item for sale has been r‚Ä¶ https://t.co/MLvbXHCFc5,15
-0.6344,Fri Feb 01 20:01:04 +0000 2019,@BBC,0.16,0.84,0.0,"As more and more species die out, how close are we to being able to bring some animals back from extinction? üêÖü¶çü¶Ö
https://t.co/JB4NkWvgKn",16
0.4482,Fri Feb 01 18:34:39 +0000 2019,@BBC,0.072,0.795,0.134,RT @BBCRadio4: The news won't be the same without the Jeremy Hardy take on it. Here are some of the best moments from his years on @TheNews‚Ä¶,17
0.631,Fri Feb 01 18:01:10 +0000 2019,@BBC,0.0,0.828,0.172,"Some of them may be hundreds of years old, but these Chinese proverbs still provide valuable advice for our modern‚Ä¶ https://t.co/G13wepStqo",18
0.0,Fri Feb 01 17:19:01 +0000 2019,@BBC,0.0,1.0,0.0,BREAKING: Sir David Attenborough will return to @BBCOne in 2019 to present a new series exploring the seven extraor‚Ä¶ https://t.co/PiSXprLP8a,19
0.2023,Fri Feb 01 17:09:21 +0000 2019,@BBC,0.0,0.859,0.141,RT @BBCNews: Clive Swift: Keeping Up Appearances star dies at 82 https://t.co/0GQJ6Kq0Jj,20
0.3612,Fri Feb 01 17:08:23 +0000 2019,@BBC,0.0,0.889,0.111,RT @BBCEarth: BREAKING: Sir David Attenborough will return later this year to present a new natural history series exploring the seven extr‚Ä¶,21
0.0,Fri Feb 01 17:02:04 +0000 2019,@BBC,0.0,1.0,0.0,"How do blue jeans turn into a yellow dress? üëñ‚û°Ô∏èüëó Behind the scenes of clothes recycling... ‚ôªÔ∏è
https://t.co/Hr2PqD1tsZ",22
0.4199,Fri Feb 01 16:04:07 +0000 2019,@BBC,0.0,0.892,0.108,"RT @BBCOne: NEWS: More David is coming! 

Sir David Attenborough will return to BBC One later this year to present a new natural history se‚Ä¶",23
0.296,Fri Feb 01 16:03:43 +0000 2019,@BBC,0.0,0.864,0.136,"RT @BBCOne: Join @CherylOfficial, @Jordan_Banjo, @Matt_Morrison, @AleshaOfficial and @OtiMabuse in @GreatDancerTV LIVE shows tomorrow night‚Ä¶",24
-0.4005,Fri Feb 01 15:04:40 +0000 2019,@BBC,0.124,0.876,0.0,RT @BBCTwo: The most tense #DragonsDen pitch EVER? Here's how this chai tea business had EVERYONE on edge... üò¨‚òïÔ∏è https://t.co/uAqE1NBWkb,25
0.0,Fri Feb 01 14:01:03 +0000 2019,@BBC,0.0,1.0,0.0,"Quiz: Is this vegan? ü§îüå±
https://t.co/QaLrisSEkm https://t.co/KP2agSHAow",26
0.0,Fri Feb 01 13:01:04 +0000 2019,@BBC,0.0,1.0,0.0,"Hacking computers, 1983 style! üòÇüëæ
https://t.co/ouSN8V49yF",27
0.2263,Fri Feb 01 12:13:29 +0000 2019,@BBC,0.087,0.791,0.123,"RT @BBCOne: Julien Baptiste (@tchekykaryo) will never give up on finding the missing.

He's back in thrilling new drama #Baptiste. Coming s‚Ä¶",28
0.742,Fri Feb 01 12:13:25 +0000 2019,@BBC,0.0,0.77,0.23,"RT @BBCRadio2: ‚ÄúYou know, the thing about @bbcdoctorwho is it‚Äôs a very nice show to be known for ‚Äòcause people feel very affectionate towar‚Ä¶",29
0.5719,Fri Feb 01 12:01:07 +0000 2019,@BBC,0.0,0.821,0.179,"It's another niche national food day - this time, why not defy the cold and celebrate #NationalBakedAlaskaDay with‚Ä¶ https://t.co/yYInzh5fUN",30
0.6369,Fri Feb 01 11:46:24 +0000 2019,@BBC,0.0,0.846,0.154,"RT @BBCRadio4: ""I think I'm best on the radio, really. I know my place. Me and Finisterre."" In 2007, ISIHAC host Jack Dee interviewed Jerem‚Ä¶",31
0.3818,Fri Feb 01 11:46:08 +0000 2019,@BBC,0.0,0.894,0.106,"RT @BBCNews: ""He was very principled, an activist with a lot of causes... he was unique"" - Rory Bremner pays tribute to comedian Jeremy Har‚Ä¶",32
-0.7344,Fri Feb 01 11:40:13 +0000 2019,@BBC,0.273,0.644,0.083,"We were so sad to hear the news that Jeremy Hardy of I'm Sorry I Haven't A Clue and The News Quiz, has died aged 57‚Ä¶ https://t.co/v3JA9GxzAV",33
0.8463,Fri Feb 01 09:43:29 +0000 2019,@BBC,0.0,0.71,0.29,"Will it snow? Won't it? Either way, here is a lovely poetic tribute to the weather everyone loves to talk about! ‚ùÑÔ∏è
https://t.co/fZnNLIBvTB",34
0.0,Fri Feb 01 08:01:02 +0000 2019,@BBC,0.0,1.0,0.0,"What would the health implications be if we only ate tinned food? ü•´ü§î
https://t.co/aePQCfmPeD https://t.co/9eiBzJl5u5",35
0.6239,Fri Feb 01 07:01:03 +0000 2019,@BBC,0.0,0.806,0.194,"It's amazing how close the #WinterWatch cameras have been getting to life in the Scottish Cairngorms! üòÆüêø
https://t.co/AJmV82SLK7",36
0.2263,Thu Jan 31 20:01:07 +0000 2019,@BBC,0.098,0.766,0.136,The race is on to save Africa's vultures; some species have seen a population decrease of up to 80% üò≥ü¶Ö‚Ä¶ https://t.co/hWYjNqwONk,37
0.0,Thu Jan 31 19:01:04 +0000 2019,@BBC,0.0,1.0,0.0,"People with synesthesia experience a blending of the senses, such as sounds and smells üëÇüëÉListener Julie can taste n‚Ä¶ https://t.co/KGz9Y1vpSE",38
-0.6187,Thu Jan 31 18:01:04 +0000 2019,@BBC,0.187,0.813,0.0,"it is estimated that 10% of women suffer from endometriosis, but there is no known cure or cause, and it can take u‚Ä¶ https://t.co/mlkIeVLvoH",39
0.0,Thu Jan 31 17:01:03 +0000 2019,@BBC,0.0,1.0,0.0,"An incredible sneak peek behind the scenes of the barricade sequence in #LesMis√©rables on @BBCOne üëèüé¨
https://t.co/MJ0s671JQ0",40
0.0,Thu Jan 31 16:03:55 +0000 2019,@BBC,0.0,1.0,0.0,RT @BBCOne: Has anyone ever noticed that the word ‚Äòparadise‚Äô has the letters for ‚Äòdie‚Äô in it? ü§îDeath in Para'dies' returns tonight at 9pm.‚Ä¶,41
0.0,Thu Jan 31 14:01:06 +0000 2019,@BBC,0.0,1.0,0.0,How do I de-ice my car? Why do we salt the roads? ü§î Here are the answers to your most-asked snow questions! ‚ùÑÔ∏èüëá‚Ä¶ https://t.co/gX2j17QPAB,42
-0.7227,Thu Jan 31 13:01:06 +0000 2019,@BBC,0.24,0.76,0.0,"We've all felt it, and probably caused it, but what is the point in humiliation? ü§îüò≥
https://t.co/gHye95NYxh",43
0.4201,Thu Jan 31 12:23:05 +0000 2019,@BBC,0.0,0.892,0.108,"Jameal says he feels more like an adult than a child ‚Äì he‚Äôs only 13. 

He is a carer for his mum and for his little‚Ä¶ https://t.co/gnpAMYv5mY",44
-0.6476,Thu Jan 31 12:01:05 +0000 2019,@BBC,0.237,0.763,0.0,They had an accident doing... what?!  üòÇ Here are some of the weirdest professional sporting injuries from over the‚Ä¶ https://t.co/9MzVzYijfv,45
0.4404,Thu Jan 31 11:09:37 +0000 2019,@BBC,0.0,0.818,0.182,RT @bbcideas: Could ‚Äòfake news‚Äô be good news for journalism? @CharlieBeckett takes a look... https://t.co/UpY5Arpv5p,46
0.5994,Thu Jan 31 10:12:52 +0000 2019,@BBC,0.0,0.776,0.224,RT @BBC6Music: Jamie Dornan and Rosamund Pike join @laurenlaverne on Thursday morning between 7:30-10:30am. Hopefully Jamie won‚Äôt start sle‚Ä¶,47
-0.128,Thu Jan 31 09:01:02 +0000 2019,@BBC,0.061,0.939,0.0,"It can be tough out there for birds to find food in this cold üò¢Luckily, this blackbird has hit the jackpot with som‚Ä¶ https://t.co/Uo3305jI7S",48
0.9468,Thu Jan 31 08:01:02 +0000 2019,@BBC,0.0,0.542,0.458,"He may be a world-renowned chef, but sometimes mum knows best! Here is a delicious pork chop recipe, courtesy of Ra‚Ä¶ https://t.co/P6m7i2b8F4",49
0.5267,Thu Jan 31 07:01:02 +0000 2019,@BBC,0.0,0.764,0.236,"Just some wisdom from Bros to get your day started  üôå #ThursdayThoughts 
https://t.co/SKJT0L05Sf",50
0.2732,Wed Jan 30 20:01:09 +0000 2019,@BBC,0.0,0.884,0.116,Turkish researchers have managed to create 3.5 tons of plastics from 5 tons of olive stones üòÆ‚ôªÔ∏è‚Ä¶ https://t.co/22s8ZFWaMu,51
0.6369,Wed Jan 30 19:30:00 +0000 2019,@BBC,0.0,0.826,0.174,"Picasso has been voted the greatest artist of the 20th Century in a public vote for @BBCTwo's #Icons. üé®

Tune in on‚Ä¶ https://t.co/jtChlNs5mP",52
-0.5859,Wed Jan 30 19:01:05 +0000 2019,@BBC,0.16,0.84,0.0,"The Doomsday Clock, which symbolises how close we are to a 'global catastrophe', is now the closest it has been to‚Ä¶ https://t.co/zF64W3SoOf",53
-0.7351,Wed Jan 30 18:01:05 +0000 2019,@BBC,0.408,0.592,0.0,"Trevor, the 'world's loneliest duck', has sadly passed away üòî
https://t.co/nCPetvZJsL https://t.co/vDEbcDDkjS",54
0.0,Wed Jan 30 17:38:34 +0000 2019,@BBC,0.0,1.0,0.0,"9 intrepid celebrities. 1 Herculean task. Kilimanjaro: The Return comes to @BBCOne feat:

üëâLeigh-Anne &amp; Jade from‚Ä¶ https://t.co/1QwXlflOj3",55
0.4939,Wed Jan 30 17:19:07 +0000 2019,@BBC,0.0,0.873,0.127,RT @bbc5live: Coming in March: @bbc5live + @bbcsounds bring you a new podcast with Kevin Pietersen on his mission to save our most iconic a‚Ä¶,56
0.3612,Wed Jan 30 17:01:07 +0000 2019,@BBC,0.0,0.848,0.152,"Ian, Colin, Dave... Do you agree with @AmplifyDot on dogs having human names? üê∂üòÇ
https://t.co/B641ffA0PT",57
0.4019,Wed Jan 30 16:27:37 +0000 2019,@BBC,0.0,0.886,0.114,"RT @BBCSpringwatch: Tonight on #Winterwatch we are showing a very moving short called 'Bird Therapy' looking at how nature can help us üíô

W‚Ä¶",58
0.0,Wed Jan 30 14:01:04 +0000 2019,@BBC,0.0,1.0,0.0,"How venom is being used to advance modern medicine... üêçüíâ
https://t.co/nUNMLb2DIt https://t.co/5yMe0wRWTJ",59
0.0,Wed Jan 30 13:03:03 +0000 2019,@BBC,0.0,1.0,0.0,"Here is the American reason we wear poppies for Remembrance. #QI 
https://t.co/Mvj7qnecIm",60
0.0,Wed Jan 30 12:25:01 +0000 2019,@BBC,0.0,1.0,0.0,"The whole of the UK right now üå®üòÇ #snow 

(via @BBCThree) https://t.co/2tUQbYm9Na",61
0.0772,Wed Jan 30 12:01:05 +0000 2019,@BBC,0.0,0.942,0.058,"Hussna is just 17 years old, but already has an incredible story of escaping IS and finding a release for the traum‚Ä¶ https://t.co/9bMHcMGl9s",62
0.5033,Wed Jan 30 11:58:48 +0000 2019,@BBC,0.0,0.866,0.134,"RT @CBeebiesHQ: 1. Fill in celeb name üìù

2. Fill in #BedtimeStory name üìù

3. This is still CBeebies so keep things clean! üòë

@ChrisEvans‚Ä¶",63
0.0,Wed Jan 30 11:57:54 +0000 2019,@BBC,0.0,1.0,0.0,"RT @BBCOne: The whole family's involved in @MrDDyer's #RightRoyalFamily tonight, including @Dani_MasDyer. Absolutely buzzin' mate. https://‚Ä¶",64
0.7684,Wed Jan 30 11:56:46 +0000 2019,@BBC,0.05,0.754,0.196,RT @bbcideas: There may be no #snow here at Ideas HQ but seeing everyone's pictures has reminded us of this lovely little ode to the white‚Ä¶,65
0.0,Wed Jan 30 11:50:43 +0000 2019,@BBC,0.0,1.0,0.0,RT @BBCFOUR: This Friday YOU take over the music on @BBCFour! ‚ñ∂Ô∏è Friday Night Jukebox Live lets you request a classic BBC performance from‚Ä¶,66
-0.4767,Wed Jan 30 10:21:14 +0000 2019,@BBC,0.14,0.86,0.0,"RT @bbcideas: Why (almost) all world maps are wrong 

More everyday objects that don‚Äôt make sense in our playlistüëá 
https://t.co/RygQExYaJV‚Ä¶",67
-0.34,Wed Jan 30 09:22:03 +0000 2019,@BBC,0.094,0.906,0.0,"Harry grew up in Poland and was set to train as a priest. He struggled with coming out to his family, and now works‚Ä¶ https://t.co/DGtqg0t6mP",68
0.8918,Wed Jan 30 08:01:04 +0000 2019,@BBC,0.0,0.53,0.47,"If you like batch cooking to save time, you'll LOVE this ragu... üòãüçÖ
https://t.co/Cul0cqkxQY https://t.co/p86plt2aUd",69
0.0,Wed Jan 30 07:53:20 +0000 2019,@BBC,0.0,1.0,0.0,"RT @BBCBreakfast: üèîANNOUNCEMENTüèî 

@mrdanwalker is going up #Mountkilimanjo for @comicrelief üëè 

WITH ‚≠êÔ∏è 
@ShirleyBallas 
@OsiUmenyiora 
@D‚Ä¶",70
0.3595,Wed Jan 30 07:01:00 +0000 2019,@BBC,0.0,0.894,0.106,"The @BBCRadio2 #500Words competition is now open! üôå
Start your story and join us on Thursday 7th Feb at 11am for a‚Ä¶ https://t.co/U9VdVerGxG",71
0.0,Tue Jan 29 22:20:45 +0000 2019,@BBC,0.0,1.0,0.0,"People whose ground-breaking work made us see the world differently. 

Voting is now open until 4pm tomorrow, the 3‚Ä¶ https://t.co/m0ws6KgzUg",72
0.0,Tue Jan 29 21:51:12 +0000 2019,@BBC,0.0,1.0,0.0,"""Art is what you can get away with.""

His work accounts for one-sixth of all contemporary art sales. Is Warhol your‚Ä¶ https://t.co/PzfVy8ZAIo",73
-0.4215,Tue Jan 29 21:36:25 +0000 2019,@BBC,0.104,0.896,0.0,"""The only way to get rid of my fears is to make films about them.""

His films offer an intimate gaze into the stran‚Ä¶ https://t.co/kOt0T1Uehd",74
0.5994,Tue Jan 29 21:27:38 +0000 2019,@BBC,0.0,0.822,0.178,"""For most of history, Anonymous was a woman.""

She was a champion of women‚Äôs rights and women writers. Does Virgini‚Ä¶ https://t.co/ACJfXXdzTL",75
0.0,Tue Jan 29 21:10:43 +0000 2019,@BBC,0.0,1.0,0.0,"""Others have seen what is and asked why. I have seen what could be and asked why not.""

Picasso helped to influence‚Ä¶ https://t.co/IF1XEZnAnE",76
0.6369,Tue Jan 29 21:06:05 +0000 2019,@BBC,0.0,0.826,0.174,RT @BFI: Tonight‚Äôs episode of @BBC's #Icons series explores the 20th century's greatest artists and writers. Who gets your vote? https://t.‚Ä¶,77
0.0,Tue Jan 29 20:01:03 +0000 2019,@BBC,0.0,1.0,0.0,A very high-carb diet could be the reason that the people of Okinawa have the longest life expectancy on the planet‚Ä¶ https://t.co/jmq9H1VDVC,78
0.0,Tue Jan 29 19:01:03 +0000 2019,@BBC,0.0,1.0,0.0,"3D printing technology has evolved to a level where we can print motorbikes! üò±üèç
https://t.co/TlHCi3Ofrk",79
0.431,Tue Jan 29 18:01:03 +0000 2019,@BBC,0.0,0.832,0.168,"A prescription for cheese? üòç It sounds too good to be true, but doctors in Italy are known to advise eating parmesa‚Ä¶ https://t.co/R9Z6PZOlHx",80
0.0,Tue Jan 29 17:01:08 +0000 2019,@BBC,0.0,1.0,0.0,"We've been meaning to tweet about this clip for ages... üòÖ #QI 
https://t.co/4guIoUZ649",81
0.8356,Tue Jan 29 15:35:53 +0000 2019,@BBC,0.0,0.695,0.305,"RT @BBCOne: Congratulations to the #SilentWitness team, celebrating 200 episodes of gripping forensic drama!
That‚Äôs a whole lot of cases cr‚Ä¶",82
0.4927,Tue Jan 29 13:31:31 +0000 2019,@BBC,0.0,0.862,0.138,#Icons takes a look at the achievements of the 20th Century's most influential figures. Tune in tonight at 9pm to h‚Ä¶ https://t.co/K2YYN3CJeg,83
0.0,Tue Jan 29 13:27:00 +0000 2019,@BBC,0.0,1.0,0.0,Alfred Hitchcock. Pablo Picasso. Andy Warhol. Virginia Woolf. Who do you think was the most iconic? #Icons returns‚Ä¶ https://t.co/mvKlKLhG2j,84
-0.3818,Tue Jan 29 13:03:03 +0000 2019,@BBC,0.12,0.88,0.0,"This is incredible. After losing his sight, Christopher Fisher listened to over 600 hours of YouTube tutorials to b‚Ä¶ https://t.co/a60l0eAoAO",85
0.0,Tue Jan 29 12:01:05 +0000 2019,@BBC,0.0,1.0,0.0,"Quiz: how much do you know about plastic pollution? ‚ôªÔ∏è‚ò†Ô∏è
https://t.co/mm4ppDhaLK https://t.co/lbr4hQC9UW",86
0.3595,Tue Jan 29 09:59:57 +0000 2019,@BBC,0.0,0.902,0.098,"RT @BBC_Teach: The @BBCRadio2 #500Words competition is now open!

Start your story and join us on Thursday 7th Feb at 11am for a Live Lesso‚Ä¶",87
0.0,Tue Jan 29 09:56:10 +0000 2019,@BBC,0.0,1.0,0.0,"RT @BBCRadio2: Let their imagination take flight!

Entries for #500Words 2019 are now OPEN! üìö

Know a child aged 5-13 with a flair for stor‚Ä¶",88
0.2732,Tue Jan 29 09:01:01 +0000 2019,@BBC,0.0,0.905,0.095,"""I have the option of stepping out for a while and just being someone different."" Leon and Jamie create elaborate c‚Ä¶ https://t.co/mv3uLsDPbc",89
-0.2103,Tue Jan 29 08:02:04 +0000 2019,@BBC,0.087,0.859,0.053,"If you hadn't noticed, it is FREEZING outside ‚ùÑÔ∏èüò¨ And we can't think of anything we want more for dinner than this‚Ä¶ https://t.co/qYPoQFyCUY",90
0.0,Tue Jan 29 07:01:03 +0000 2019,@BBC,0.0,1.0,0.0,"In 1976, BBC Nationwide explored the legend of the fairies at the Rollright Stones. We're not saying the editing bu‚Ä¶ https://t.co/z2ksQVAB9S",91
0.4019,Mon Jan 28 20:01:06 +0000 2019,@BBC,0.0,0.87,0.13,A UK teenager will become one of the first NHS patients to receive proton-beam therapy to treat his cancer.‚Ä¶ https://t.co/qVwv32RbbM,92
0.4404,Mon Jan 28 19:01:07 +0000 2019,@BBC,0.0,0.791,0.209,"In 1960s Britain, schoolgirls were given lessons on being a good housewife  üçΩ
https://t.co/0lSVt94bgN",93
0.2023,Mon Jan 28 18:01:03 +0000 2019,@BBC,0.159,0.688,0.152,"There is no direct English translation for 'Koi No Yokan', the Japanese phrase for how we feel just before love. ‚ù§Ô∏è‚Ä¶ https://t.co/FBAJP7tyyN",94
0.4404,Mon Jan 28 17:38:17 +0000 2019,@BBC,0.0,0.873,0.127,"RT @BBC6Music: Tonight from 7pm our @laurenlaverne is on @BBCTheOneShow.

Hope Lauren had a nap since spinning everything from Boards of Ca‚Ä¶",95
-0.5859,Mon Jan 28 17:01:05 +0000 2019,@BBC,0.285,0.607,0.107,"Stressful Monday? The Truth About Stress on @BBCiPlayer explores what it does to your body. üò∞
https://t.co/LKJZvINrbx",96
-0.6808,Mon Jan 28 15:29:54 +0000 2019,@BBC,0.228,0.772,0.0,"RT @BBCOne: A shocking incident on a suburban street brings back painful memories for Jack, forcing him to revisit his past.
@EmiliaFox @Th‚Ä¶",97
0.0,Mon Jan 28 14:17:42 +0000 2019,@BBC,0.0,1.0,0.0,RT @bbcthree: ~~~some FAMALAM news~~~ https://t.co/5ZUwHEBrLe,98
0.6124,Mon Jan 28 14:01:03 +0000 2019,@BBC,0.0,0.792,0.208,A rare red panda on the run from Belfast Zoo has been found 'safe and well' in a local Glengormley garden üëç‚Ä¶ https://t.co/nyxmyA1QXw,99
0.7506,Sat Feb 02 23:30:02 +0000 2019,@CBS,0.071,0.588,0.34,"Let @survivorcbs help you plan the #WorldsBest #SuperBowl party: hide immunity idols throughout the party which, wh‚Ä¶ https://t.co/qUWiLzMPyB",0
0.8602,Sat Feb 02 19:07:06 +0000 2019,@CBS,0.0,0.69,0.31,"RT @TheTimMcGraw: Tune in tomorrow to see #ThoughtAboutYou Live on @CBS Super Bowl LIII Pregame Show, THE SUPER BOWL TODAY https://t.co/cMi‚Ä¶",1
0.4019,Sat Feb 02 18:30:00 +0000 2019,@CBS,0.0,0.87,0.13,Take a cue from @CBSBigBrother in throwing the #WorldsBest #SuperBowl party: Keep an eye on your Houseguests. Do th‚Ä¶ https://t.co/POv6Y31O5P,2
0.0,Sat Feb 02 01:30:00 +0000 2019,@CBS,0.0,1.0,0.0,2 Days https://t.co/lwJJ3GB02k,3
0.8934,Fri Feb 01 22:00:00 +0000 2019,@CBS,0.0,0.599,0.401,"You laughed, you voted, and a winner was chosen. Find out which Super Bowl commercial is the all-time funniest:‚Ä¶ https://t.co/Vp217dMGEF",4
0.0,Fri Feb 01 20:43:28 +0000 2019,@CBS,0.0,1.0,0.0,"The snacks are bought and the guests are invited, but you still don't know how you're going to watch #SBLIII? Don't‚Ä¶ https://t.co/ntIaE0Exmh",5
0.6124,Fri Feb 01 20:29:28 +0000 2019,@CBS,0.074,0.704,0.222,RT @CBSWatch: Stuck on what to make for the Big Game? Get snack inspiration from the #SuperBowlLIII hosts‚Äîand find foolproof @CHOW recipes‚Ä¶,6
0.0,Fri Feb 01 19:00:01 +0000 2019,@CBS,0.0,1.0,0.0,All eyes are on Album Of The Year nominee @JanelleMonae who will take the #GRAMMYs stage on Feb. 10 at 8/7c. https://t.co/z1HecVwrCC,7
0.0,Fri Feb 01 16:45:23 +0000 2019,@CBS,0.0,1.0,0.0,Did @PriceIsRight just predict the outcome of #SBLIII? Guess we'll find out on Sunday. https://t.co/H7QMiXWcts,8
0.9231,Fri Feb 01 16:41:37 +0000 2019,@CBS,0.0,0.575,0.425,RT @TheTimMcGraw: Have loved football as long as I can remember‚Ä¶ Excited to headline the Super Bowl LIII pregame festivities. Watch live Su‚Ä¶,9
0.4019,Fri Feb 01 14:50:20 +0000 2019,@CBS,0.0,0.876,0.124,"This just in: New music special ""MOTOWN 60: A #GRAMMYs CELEBRATION"" to broadcast Sunday, April 21 at 8/7c and featu‚Ä¶ https://t.co/BVTfdEYjwr",10
0.296,Fri Feb 01 03:39:18 +0000 2019,@CBS,0.0,0.891,0.109,"RT @colbertlateshow: On #LSSC tonight: Tom Brady, John Johnson III join other stars of #SBLIII answer #JustOneQuestion from @stephenathome'‚Ä¶",11
0.0,Fri Feb 01 01:30:00 +0000 2019,@CBS,0.0,1.0,0.0,3 Days https://t.co/C1nZTiNS9H,12
0.6486,Fri Feb 01 01:02:35 +0000 2019,@CBS,0.0,0.71,0.29,"@startrekcbs @CBSAllAccess Well, the game is Stardate, um, Sunday. We'll save you a seat. üèàüññ https://t.co/9cDQIOBRyz",13
0.4019,Fri Feb 01 00:30:00 +0000 2019,@CBS,0.0,0.87,0.13,Take a cue from @startrekcbs to plan the #WorldsBest #SuperBowl party: Don't be afraid to explore space. Move furni‚Ä¶ https://t.co/GxotlR1jZH,14
0.4588,Thu Jan 31 23:30:00 +0000 2019,@CBS,0.0,0.846,0.154,"As hosts of the Big Game, we want you to have the #WorldsBest #SuperBowl party. Over the next few days, look for pa‚Ä¶ https://t.co/DigGMH0Qn4",15
0.0,Thu Jan 31 20:15:51 +0000 2019,@CBS,0.0,1.0,0.0,.@survivorcbs and @JeffProbst will bring you to the Edge of Extinction for Season 38. How far are the players willi‚Ä¶ https://t.co/McvKXnJ7k0,16
0.8271,Thu Jan 31 20:00:00 +0000 2019,@CBS,0.0,0.688,0.312,"When @ChrisStapleton stepped on stage to receive his 2018 #GRAMMY Award for Best Country Album, you could instantly‚Ä¶ https://t.co/9fcVEClvWr",17
0.5994,Thu Jan 31 18:21:42 +0000 2019,@CBS,0.0,0.813,0.187,RT @colbertlateshow: This Super Bowl ad is the most emotionally manipulative ad you've ever seen. #LSSC https://t.co/eqe99vQpjk https://t.c‚Ä¶,18
0.4215,Thu Jan 31 14:34:41 +0000 2019,@CBS,0.0,0.817,0.183,The spotlight is ready for the incomparable @DianaRoss whose landmark career will be recognized at the #GRAMMYs wit‚Ä¶ https://t.co/SzR0KGh8rq,19
0.0,Thu Jan 31 01:15:00 +0000 2019,@CBS,0.0,1.0,0.0,4 Days https://t.co/09L2QRz04D,20
0.6369,Thu Jan 31 00:36:56 +0000 2019,@CBS,0.0,0.606,0.394,We're ready... Ready to host the #WorldsBest #SuperBowl party. https://t.co/dWen1LEe9H,21
0.0258,Thu Jan 31 00:05:39 +0000 2019,@CBS,0.096,0.803,0.1,"RT @startrekcbs: Will we ever see a tribble episode?

‚ÄúThe tribbles should get their own 24-hour channel like the fire place channel.‚Äù - Al‚Ä¶",22
0.25,Wed Jan 30 22:37:46 +0000 2019,@CBS,0.08,0.798,0.122,RT @CBSAllAccess: We're pleased to announce that @StephenKing's THE STAND is being adapted into a 10-episode limited event series on CBS Al‚Ä¶,23
0.0,Wed Jan 30 22:23:36 +0000 2019,@CBS,0.0,1.0,0.0,"RT @CBSAllAccess: It's real. It's personal. It's on. #TheGoodFight returns for Season 3 on March 14th, only on #CBSAllAccess. #JoinTheFight‚Ä¶",24
0.296,Wed Jan 30 22:14:40 +0000 2019,@CBS,0.0,0.864,0.136,RT @TheTwilightZone: Join us in another dimension on April 1 when #TheTwilightZone premieres on @CBSAllAccess. https://t.co/aw5HVSxAZF,25
0.2732,Wed Jan 30 21:47:56 +0000 2019,@CBS,0.0,0.9,0.1,RT @colbertlateshow: #LSSC has accepted Speaker Pelosi's invitation to address the American people LIVE on @CBS (at 11:35/10:35c) after Pre‚Ä¶,26
0.6808,Wed Jan 30 20:05:38 +0000 2019,@CBS,0.0,0.742,0.258,"""I think social media was created to bring people together and yes, it can be divisive, but just like religion, it‚Ä¶ https://t.co/I2UxJjhEBh",27
0.0,Wed Jan 30 19:56:04 +0000 2019,@CBS,0.0,1.0,0.0,"""My views have changed. I'm in a spiritual place where I'm able to have a conversation with more people about their‚Ä¶ https://t.co/t1lLS22fvO",28
0.8316,Wed Jan 30 19:50:30 +0000 2019,@CBS,0.0,0.647,0.353,"""The true north of goodness in people is to want to help one another and I think people relate to that."" -‚Ä¶ https://t.co/Ye2SJbTbZU",29
0.4238,Wed Jan 30 19:42:59 +0000 2019,@CBS,0.071,0.79,0.139,"""I can't believe how supportive our social network world has been about the show. I'm happy that the ones we do hea‚Ä¶ https://t.co/pxAmIpRFiB",30
0.4576,Wed Jan 30 19:33:48 +0000 2019,@CBS,0.0,0.875,0.125,"""It's really interesting that we show the technology and how they track people. We never get to show how many thing‚Ä¶ https://t.co/CbNXIl7iSk",31
0.5405,Wed Jan 30 19:31:54 +0000 2019,@CBS,0.0,0.831,0.169,"""It comes down to a group of people who won't stop at anything to protect the people of this country and it's why I‚Ä¶ https://t.co/JGlxSc4SH3",32
0.7717,Wed Jan 30 19:22:34 +0000 2019,@CBS,0.0,0.676,0.324,"""Dealing with social issues through comedy is the best way to do it."" - @TheNeighborhood's @TichinaArnold #TCA19",33
0.34,Wed Jan 30 19:18:31 +0000 2019,@CBS,0.0,0.893,0.107,"""We're giving each other black and white lessons all the time. Something as simple as ""the washcloth debate,"" who k‚Ä¶ https://t.co/agrBmmneUM",34
0.6369,Wed Jan 30 19:12:33 +0000 2019,@CBS,0.0,0.776,0.224,"""Where we have a lot of fun is in situations that spark the conversation rather than give the answers."" -‚Ä¶ https://t.co/CgtfE8gsDn",35
0.0772,Wed Jan 30 19:10:35 +0000 2019,@CBS,0.0,0.939,0.061,"""It was always paramount to have one of the most inclusive writers rooms in sitcoms. We want that authenticity."" -E‚Ä¶ https://t.co/SwEk6E4B7A",36
-0.5106,Wed Jan 30 19:06:30 +0000 2019,@CBS,0.148,0.852,0.0,"""In this world where there's a lot of division and emphasis on negativity, we're trying to put forth a cultural con‚Ä¶ https://t.co/hjGMwcrlMe",37
0.0,Wed Jan 30 19:01:43 +0000 2019,@CBS,0.0,1.0,0.0,"The stars and producers of the CBS Freshman Hit Series @TheNeighborhood, @FBICBS, and @GodFriendedMe take the stage‚Ä¶ https://t.co/AnA8OqKjyd",38
0.0,Wed Jan 30 18:46:37 +0000 2019,@CBS,0.0,1.0,0.0,".@TheRedLineCBS premieres April 28 at 8pm ET/7c on CBS, and it will air in two hour installments over four Sundays. #TCA19",39
0.7003,Wed Jan 30 18:45:32 +0000 2019,@CBS,0.0,0.791,0.209,"""Our hope is that the audience will be able to see themselves represented in some sort of way, for better or for wo‚Ä¶ https://t.co/oaJkm8Mgie",40
0.6249,Wed Jan 30 18:42:59 +0000 2019,@CBS,0.0,0.805,0.195,"""I knew from the second I read this script that it was going to be an important show. I had a quiet confidence in t‚Ä¶ https://t.co/TyxGrNnuF6",41
0.6124,Wed Jan 30 18:39:21 +0000 2019,@CBS,0.0,0.75,0.25,"""Our hope was always to create a 'Parenthood' meets 'The Wire' model."" - #TheRedLine Executive Producer Caitlin Parrish #TCA19",42
0.0,Wed Jan 30 18:35:05 +0000 2019,@CBS,0.0,1.0,0.0,"""I don't think I've ever had a role that related so much to the present time."" - @TheRedLineCBS star @AliyahRoyale‚Ä¶ https://t.co/0vGBxK3evZ",43
0.7717,Wed Jan 30 18:33:51 +0000 2019,@CBS,0.0,0.705,0.295,"""Chicago politics and the socio-political conversation are rich in material and it's been thrilling to explore and‚Ä¶ https://t.co/6eNYkpBZ2r",44
0.3272,Wed Jan 30 18:27:50 +0000 2019,@CBS,0.0,0.85,0.15,"""The emotional reaction that I had to the first reading of this script was so intense, I've never had a reaction li‚Ä¶ https://t.co/IxwQKqxKhM",45
0.0,Wed Jan 30 18:25:44 +0000 2019,@CBS,0.0,1.0,0.0,"""The red line stands as a metaphor for the city of Chicago's contrast."" @ava DuVernay via recorded message at the‚Ä¶ https://t.co/7n6rg3pcui",46
-0.2732,Wed Jan 30 18:24:04 +0000 2019,@CBS,0.101,0.844,0.055,"""We live in tense and divided times. Our goal was to have an intense conversation through the lens of a family dram‚Ä¶ https://t.co/NubRFwW3Mw",47
0.0,Wed Jan 30 18:19:12 +0000 2019,@CBS,0.0,1.0,0.0,"Up next at CBS #TCA19, @TheRedLineCBS stars Noah Wyle, @Emayatzy Corinealdi, @noel_fisher, and @AliyahRoyale, and p‚Ä¶ https://t.co/GZxOC8BT9U",48
0.4215,Wed Jan 30 18:08:51 +0000 2019,@CBS,0.0,0.891,0.109,RT @WorldsBestCBS: Get your first look at the brand new global talent competition series where elite acts from all over the üåé take the stag‚Ä¶,49
-0.25,Wed Jan 30 17:59:39 +0000 2019,@CBS,0.14,0.76,0.1,"""There aren't acts that are bad acts. Now in this culture, I don't think that's suitable anymore. What I like is th‚Ä¶ https://t.co/Fn81jDYNLI",50
-0.017,Wed Jan 30 17:58:12 +0000 2019,@CBS,0.078,0.846,0.075,"""We were not prepared for the emotional journey that the show and the performers took us on."" - #WorldsBest judge‚Ä¶ https://t.co/sovVQ9x388",51
0.0,Wed Jan 30 17:51:37 +0000 2019,@CBS,0.0,1.0,0.0,"""The thing that makes us different is our global identity. We have 38 countries represented in the [Wall of the Wor‚Ä¶ https://t.co/3vgrKwAJ3F",52
0.0,Wed Jan 30 17:49:34 +0000 2019,@CBS,0.0,1.0,0.0,"""The #WorldsBest. This show really does live up to the name."" -@WorldsBestCBS American judge @RuPaul #TCA19",53
0.25,Wed Jan 30 17:44:48 +0000 2019,@CBS,0.0,0.909,0.091,"""This is a home grown format, created in America."" - #WorldsBest EP Mike Darnell on the new CBS show.

""This is a n‚Ä¶ https://t.co/tKSDr5i5Xt",54
0.0,Wed Jan 30 17:37:11 +0000 2019,@CBS,0.0,1.0,0.0,"Up first, @WorldsBestCBS judge @RuPaul and Executive Producers Mike Darnell, Alison Holloway, and @benwinston take‚Ä¶ https://t.co/qnG7aUxFlw",55
0.0,Wed Jan 30 17:31:06 +0000 2019,@CBS,0.0,1.0,0.0,We are live at the CBS #TCA. Stay tuned for inside information about new and returning CBS and @CBSAllAccess shows‚Ä¶ https://t.co/xNzN49nVbL,56
0.0,Wed Jan 30 17:12:46 +0000 2019,@CBS,0.0,1.0,0.0,"When girls unite, anything is possible, even scoring big against the New York @Giants. CBS and @girls_inc team up f‚Ä¶ https://t.co/FPjGhmRvNG",57
0.8271,Wed Jan 30 15:00:01 +0000 2019,@CBS,0.0,0.661,0.339,You voted‚Äîand a winner was crowned. üèÜ Find out which Super Bowl commercial was named the all-time funniest:‚Ä¶ https://t.co/teLz1xMGjs,58
0.0,Wed Jan 30 02:15:00 +0000 2019,@CBS,0.0,1.0,0.0,5 Days https://t.co/jZyj5gz1Z7,59
0.4199,Wed Jan 30 02:00:00 +0000 2019,@CBS,0.0,0.859,0.141,Thank you for watching #SBGC! See you at the big game on Feb. 3 on CBS and @CBSAllAccess. https://t.co/cjhY23foEf,60
0.6114,Wed Jan 30 01:59:40 +0000 2019,@CBS,0.0,0.778,0.222,The votes are IN! üéâ¬†Which commercial do you think won the title of #SBGC? https://t.co/sth9cnnmRD,61
0.0,Wed Jan 30 01:52:55 +0000 2019,@CBS,0.0,1.0,0.0,RT @RealBarbieGirl2: #sbgcterrytate #SBGC WHOOP WHOOP,62
0.6369,Wed Jan 30 01:52:42 +0000 2019,@CBS,0.0,0.543,0.457,RT @Pamtay1950: #sbgcstreaker the best #sbgc,63
0.7959,Wed Jan 30 01:51:19 +0000 2019,@CBS,0.0,0.717,0.283,"Now, it's your turn to determine the #SBGC winner! Tweet for your favorite NOW using the hashtags #SBGCStreaker or‚Ä¶ https://t.co/P4uCNoI7kL",64
0.8555,Wed Jan 30 01:47:13 +0000 2019,@CBS,0.0,0.656,0.344,RT @JrMckimmy: #SBGC I love the Eli and Odell commercial it is the best when Eli picks up Odell,65
0.3612,Wed Jan 30 01:44:22 +0000 2019,@CBS,0.0,0.815,0.185,RT if you've got moves like @obj and Eli Manning. #SBGC https://t.co/wIss9WycVe,66
0.6369,Wed Jan 30 01:40:42 +0000 2019,@CBS,0.0,0.656,0.344,RT @Joonchildmack: #SBGC seeing @lucastill  was the best partüëåüèªüëåüèª,67
0.4926,Wed Jan 30 01:37:45 +0000 2019,@CBS,0.0,0.687,0.313,RT @KimberyPemrich: @CBS #SBGC Thanks for the memories!,68
0.0,Wed Jan 30 01:32:53 +0000 2019,@CBS,0.0,1.0,0.0,@dlive45 WASSSSUPPPPP!!,69
0.8016,Wed Jan 30 01:31:47 +0000 2019,@CBS,0.0,0.582,0.418,RT @7BOOMERESIASON: Love working with @DanielaRuah on #SBGC she‚Äôs hilarious and a pro!,70
0.7644,Wed Jan 30 01:31:05 +0000 2019,@CBS,0.0,0.515,0.485,@BridgetteCorle1 @7BOOMERESIASON @DanielaRuah Glad you are having a fun night!,71
0.0,Wed Jan 30 01:29:42 +0000 2019,@CBS,0.0,1.0,0.0,@JP806LBK WUZ UPPPPP,72
0.6369,Wed Jan 30 01:27:14 +0000 2019,@CBS,0.0,0.656,0.344,RT @MissBagby91: Gotta love the doritos commericals #SBGC @CBS,73
0.0,Wed Jan 30 01:26:12 +0000 2019,@CBS,0.0,1.0,0.0,RT @Karolene8: #sbgc Silence the StainüòÇüòÇüòÇüòÇ,74
0.0,Wed Jan 30 01:24:05 +0000 2019,@CBS,0.0,1.0,0.0,@4Stephenson WHASSSSUPPPPPPP üòù #SBGC,75
0.0,Wed Jan 30 01:23:06 +0000 2019,@CBS,0.0,1.0,0.0,@TDinsight WASSSSUPPPPPPP!!,76
0.5399,Wed Jan 30 01:20:09 +0000 2019,@CBS,0.0,0.365,0.635,@gunther_jazzy Too funny!!,77
0.0,Wed Jan 30 01:18:33 +0000 2019,@CBS,0.0,1.0,0.0,@Spicey169 @CedEntertainer üòÇü§£,78
-0.4574,Wed Jan 30 01:18:06 +0000 2019,@CBS,0.374,0.626,0.0,RT @writerofpoetry: #SBGC puppymonkeybaby was insane! ü§£,79
0.2235,Wed Jan 30 01:16:42 +0000 2019,@CBS,0.0,0.827,0.173,Can't. Stop. Laughing‚Ä¶ at this commercial featuring @CedEntertainer. #SBGC https://t.co/DeKRp3Amfs,80
0.8439,Wed Jan 30 01:16:01 +0000 2019,@CBS,0.0,0.497,0.503,RT @Zayerbayer1: i'm loving these old Super Bowl commercials! #SBGC,81
0.6239,Wed Jan 30 01:12:02 +0000 2019,@CBS,0.0,0.44,0.56,@MyssMichelle Keep warm! Thanks for watching. üòÉ,82
0.4199,Wed Jan 30 01:11:37 +0000 2019,@CBS,0.0,0.589,0.411,@Teresa_Minker Thank you for watching!,83
0.0,Wed Jan 30 01:11:13 +0000 2019,@CBS,0.0,1.0,0.0,@Minnie3Dream üòÇ,84
0.0,Wed Jan 30 01:10:03 +0000 2019,@CBS,0.0,1.0,0.0,RT @MarthaJeanD: #SBGC #SuperBowl commercials are as iconic as the game itself!!!!,85
0.0,Wed Jan 30 01:09:43 +0000 2019,@CBS,0.0,1.0,0.0,@ghostingabby üòÇüòÇüòÇüòÇüòÇ,86
0.0,Wed Jan 30 01:09:28 +0000 2019,@CBS,0.0,1.0,0.0,@jswmb7777 Shhhhh.... üòâ,87
0.6715,Wed Jan 30 01:09:13 +0000 2019,@CBS,0.0,0.307,0.693,@marvice2 SO good!!,88
0.8587,Wed Jan 30 01:08:02 +0000 2019,@CBS,0.147,0.427,0.426,RT @jeanneraeC: I absolutely love #SBGC. Thanks for the memories as well as the tummy  ache from laughing so hard.,89
0.8825,Wed Jan 30 01:07:02 +0000 2019,@CBS,0.0,0.564,0.436,RT @whiskey911tango: One of the best parts of Super Bowl week!!!! The commercial show!ü§£#sbgc,90
0.8955,Wed Jan 30 01:05:00 +0000 2019,@CBS,0.0,0.546,0.454,RT @chrisdeninno: #SBGCFirstDate | I just voted for the funniest Super Bowl commercial! Which is your favorite? https://t.co/vLFflYe4zX,91
0.5093,Wed Jan 30 01:03:04 +0000 2019,@CBS,0.0,0.752,0.248,Your face when your favorite commercial made the countdown! #SBGC https://t.co/uzbyZhonxk,92
0.0,Wed Jan 30 01:00:12 +0000 2019,@CBS,0.0,1.0,0.0,@bridierubino Let's do this!,93
0.4738,Wed Jan 30 01:00:00 +0000 2019,@CBS,0.0,0.829,0.171,Who's ready for the countdown to begin?! Hosts @7BOOMERESIASON and @DanielaRuah are. #SBGC starts NOW! https://t.co/Z29g6rOSzx,94
0.474,Wed Jan 30 00:59:59 +0000 2019,@CBS,0.0,0.393,0.607,@ShannonStern So ready!,95
0.6892,Wed Jan 30 00:59:52 +0000 2019,@CBS,0.0,0.516,0.484,@PuffyGil2 That's awesome! Did you vote?!,96
0.4588,Wed Jan 30 00:59:17 +0000 2019,@CBS,0.0,0.8,0.2,RT @PuffyGil2: One of my favorite yearly traditions is watching #SBGC every year,97
0.4199,Wed Jan 30 00:47:05 +0000 2019,@CBS,0.0,0.589,0.411,RT @ShannonStern: Ready for #SBGC!,98
0.5229,Wed Jan 30 00:31:05 +0000 2019,@CBS,0.0,0.675,0.325,RT @bridierubino: Getting ready to watch #SBGC !!!,99
0.3182,Sun Feb 03 05:31:00 +0000 2019,@CNN,0.0,0.892,0.108,Foxconn says it's sticking to its original plan of making flat screen panels at a new plant in Wisconsin following‚Ä¶ https://t.co/ItnwA5f3mn,0
0.0,Sun Feb 03 05:16:03 +0000 2019,@CNN,0.0,1.0,0.0,Machu Picchu is now wheelchair accessible https://t.co/vB6i7jsQyy https://t.co/CybbbAbe4V,1
0.0,Sun Feb 03 05:01:04 +0000 2019,@CNN,0.0,1.0,0.0,"Glaciers in the Canadian Arctic have melted enough to reveal land that was hidden for the last 40,000 years or more‚Ä¶ https://t.co/CJzdy6j2vr",2
0.4019,Sun Feb 03 04:31:03 +0000 2019,@CNN,0.0,0.881,0.119,An 11-year-old girl began asking nursing home residents what three things in the world they wish they had right now‚Ä¶ https://t.co/zgl9oIPhPt,3
-0.6705,Sun Feb 03 04:00:06 +0000 2019,@CNN,0.231,0.769,0.0,"European colonizers killed so many Native Americans that it changed the global climate, researchers say‚Ä¶ https://t.co/xPVxLhrDwD",4
0.0,Sun Feb 03 03:31:09 +0000 2019,@CNN,0.0,1.0,0.0,US cities as cold as the Arctic. An Australian inferno. The UK covered in snow. It's only one month into 2019 and e‚Ä¶ https://t.co/UfXAKnrO5S,5
0.0,Sun Feb 03 03:00:12 +0000 2019,@CNN,0.0,1.0,0.0,Here's how stocks performed under each president from Reagan to Trump https://t.co/eMSYVawHNw https://t.co/fb1NdRWgS2,6
-0.296,Sun Feb 03 02:30:11 +0000 2019,@CNN,0.091,0.909,0.0,"""I will no longer take corporate PAC money for my campaign ... it's the right thing to do,"" writes Rep. Jim McGover‚Ä¶ https://t.co/k29DLH4Uay",7
0.4019,Sun Feb 03 02:00:14 +0000 2019,@CNN,0.0,0.881,0.119,An 11-year-old girl began asking nursing home residents what three things in the world they wish they had right now‚Ä¶ https://t.co/rx7jW6VZMc,8
0.4019,Sun Feb 03 01:30:11 +0000 2019,@CNN,0.0,0.847,0.153,How you can help national parks recover from the shutdown (because they need it) https://t.co/apOr6m3ZO2 https://t.co/YFfB7RdUki,9
0.1779,Sun Feb 03 01:00:13 +0000 2019,@CNN,0.0,0.909,0.091,"A massive hole two-thirds the size of Manhattan has been discovered growing in an Antarctic glacier, signaling rapi‚Ä¶ https://t.co/NzX6JqSZd7",10
-0.1779,Sun Feb 03 00:30:04 +0000 2019,@CNN,0.108,0.892,0.0,The Nest in my son's room was acting weird. Here's what I did next. https://t.co/9UGB3txqXR https://t.co/600KuLBrIk,11
0.0,Sun Feb 03 00:15:07 +0000 2019,@CNN,0.0,1.0,0.0,A Swedish train operator is investigating the forcible removal of a pregnant woman from a train in Stockholm‚Ä¶ https://t.co/N46nWqIAro,12
-0.128,Sun Feb 03 00:00:09 +0000 2019,@CNN,0.26,0.565,0.175,US intelligence warns China is using student spies to steal secrets https://t.co/IEZA4GCWBD https://t.co/qZC3xNtP3Q,13
-0.7492,Sat Feb 02 23:30:16 +0000 2019,@CNN,0.251,0.749,0.0,"The New England Patriots are evolving into the most hated team of all time, and Donald Trump isn't helping matters‚Ä¶ https://t.co/bqIJR2D6wy",14
0.0,Sat Feb 02 23:15:04 +0000 2019,@CNN,0.0,1.0,0.0,What Cory Booker's rollout tells us about his 2020 campaign https://t.co/zTb5wPZbvn https://t.co/VAgz3FpOOl,15
-0.5994,Sat Feb 02 23:01:10 +0000 2019,@CNN,0.302,0.698,0.0,World War I grenade found in shipment of potatoes https://t.co/8HZU8L7ao9 https://t.co/AjmIamyHFP,16
-0.5574,Sat Feb 02 22:45:07 +0000 2019,@CNN,0.159,0.841,0.0,The parents of a Penn State University student who died in a hazing ritual have settled with the university and sue‚Ä¶ https://t.co/aqn543KwFW,17
-0.2584,Sat Feb 02 22:30:11 +0000 2019,@CNN,0.12,0.88,0.0,"Punxsutawney Phil predicts spring will come early.

Here's why you shouldn't get too excited, though.‚Ä¶ https://t.co/rGQ7Nz5L5d",18
-0.6486,Sat Feb 02 22:15:06 +0000 2019,@CNN,0.249,0.751,0.0,"Brooklyn rapper Tekashi 6ix9ine has pleaded guilty to nine counts of racketeering, firearms offenses and drug traff‚Ä¶ https://t.co/MPnTnnfuTW",19
0.0258,Sat Feb 02 22:02:07 +0000 2019,@CNN,0.146,0.703,0.151,"Discover the incredible true story of three brothers, separated at birth, with a shocking secret.‚Ä¶ https://t.co/1pSgPQldcc",20
-0.1877,Sat Feb 02 21:44:03 +0000 2019,@CNN,0.098,0.902,0.0,"During the 2016 presidential election, then-candidate Donald Trump was not granted a loan from Deutsche Bank follow‚Ä¶ https://t.co/Etf5fjTRI7",21
0.2716,Sat Feb 02 21:31:07 +0000 2019,@CNN,0.0,0.896,0.104,"The next week could determine whether Sears, once the nation's largest and most important retailer, lives or dies.‚Ä¶ https://t.co/GdW8iItrNV",22
0.5994,Sat Feb 02 21:16:06 +0000 2019,@CNN,0.0,0.698,0.302,Keep these recalled foods off your Super Bowl spread https://t.co/scVFt0cLWK,23
-0.8591,Sat Feb 02 21:01:26 +0000 2019,@CNN,0.333,0.667,0.0,RT @CNNnewsroom: ‚ÄúIt speaks to the character of the individual and that individual‚Äôs inability to understand that racism is a problem not o‚Ä¶,24
0.0,Sat Feb 02 21:01:07 +0000 2019,@CNN,0.0,1.0,0.0,There's room for a moderate Democratic presidential candidate in 2020 https://t.co/kaDZV3cX5k | Analysis by Harry Enten,25
-0.296,Sat Feb 02 20:45:07 +0000 2019,@CNN,0.307,0.526,0.167,"Rapper Bow Wow has been arrested and charged with misdemeanor battery charges, Atlanta police said‚Ä¶ https://t.co/jUzqo9rqbc",26
-0.4523,Sat Feb 02 20:33:14 +0000 2019,@CNN,0.143,0.785,0.073,"Gov. Northam says he does not plan to resign over racist yearbook photo.

‚ÄúI plan to continue to lead. If we get to‚Ä¶ https://t.co/sAmELnVpEg",27
0.0,Sat Feb 02 20:27:34 +0000 2019,@CNN,0.0,1.0,0.0,"Gov. Northam says he once ""used just a little bit of shoe polish"" to darken his face and compete as Michael Jackson‚Ä¶ https://t.co/xCU0JFnlqU",28
0.2584,Sat Feb 02 20:00:46 +0000 2019,@CNN,0.0,0.903,0.097,"Virginia Gov. Ralph Northam did not resign during a news conference, saying he does not believe he is either person‚Ä¶ https://t.co/9nMibVeWnW",29
-0.34,Sat Feb 02 19:52:05 +0000 2019,@CNN,0.167,0.833,0.0,"BREAKING: ‚ÄúWhen I was confronted with the images yesterday, I was appalled that they appeared on my page, but I bel‚Ä¶ https://t.co/B59Kl0WSc5",30
0.7306,Sat Feb 02 19:17:55 +0000 2019,@CNN,0.0,0.677,0.323,"Virginia Gov. Northam won't resign over racist yearbook photo, his spokeswoman says, despite mounting pressure to d‚Ä¶ https://t.co/rMs9RgOt7r",31
0.0,Sat Feb 02 19:01:09 +0000 2019,@CNN,0.0,1.0,0.0,President Trump's former physician Ronny Jackson appointed Trump's chief medical advisor amid Pentagon investigatio‚Ä¶ https://t.co/GVRMbxAzOO,32
-0.3612,Sat Feb 02 18:44:45 +0000 2019,@CNN,0.192,0.69,0.118,An off-duty Transportation Security Administration officer fell to his death from a hotel balcony inside Florida's‚Ä¶ https://t.co/pQ8qukqZNP,33
0.0,Sat Feb 02 18:31:04 +0000 2019,@CNN,0.0,1.0,0.0,Ohio Sen. Sherrod Brown testing a potential presidential candidacy on listening tour https://t.co/YCZXDVlfke https://t.co/gLqB9SDXJs,34
0.0,Sat Feb 02 18:13:05 +0000 2019,@CNN,0.0,1.0,0.0,A Hawaiian Airlines flight headed to Maui returned to LAX three times over unrelated issues before finally being ca‚Ä¶ https://t.co/no4O2is6M0,35
0.0,Sat Feb 02 17:48:32 +0000 2019,@CNN,0.0,1.0,0.0,"""I don‚Äôt think we‚Äôre going to be able to heal until the governor resigns,‚Äù says Lamont Bagby, a member of the Virgi‚Ä¶ https://t.co/O6xxehfCRM",36
0.0,Sat Feb 02 17:32:33 +0000 2019,@CNN,0.0,1.0,0.0,"Punxsutawney Phil emerged from his burrow at Gobbler‚Äôs Knob in Pennsylvania and did not see his shadow, predicting‚Ä¶ https://t.co/E9wjpXpo8n",37
0.0,Sat Feb 02 17:17:51 +0000 2019,@CNN,0.0,1.0,0.0,"""I don‚Äôt think we‚Äôre going to be able to heal until the governor resigns,‚Äù says LaMont Bagby, a member of the Virgi‚Ä¶ https://t.co/GD1fyEj4r2",38
0.2732,Sat Feb 02 17:01:09 +0000 2019,@CNN,0.0,0.905,0.095,"As much of the Midwest shivered in below-zero weather this week, some people warmed the hearts of strangers with ra‚Ä¶ https://t.co/JKQO1ps2F0",39
0.0,Sat Feb 02 16:40:20 +0000 2019,@CNN,0.0,1.0,0.0,"‚ÄúThis is an issue of whether or not this governor can lead this state, that has gone through such a tumultuous hist‚Ä¶ https://t.co/C34fx0OSmP",40
0.4973,Sat Feb 02 16:11:18 +0000 2019,@CNN,0.0,0.861,0.139,BREAKING: Virginia Gov. Ralph Northam has told a source he now believes it is not him in a racist yearbook photo an‚Ä¶ https://t.co/rMmAmII7JP,41
0.0,Sat Feb 02 16:01:04 +0000 2019,@CNN,0.0,1.0,0.0,"Gov. Northam is done for, even if he doesn't know it yet | Analysis by Chris Cillizza https://t.co/w0TZotxQO3",42
0.128,Sat Feb 02 15:58:49 +0000 2019,@CNN,0.1,0.776,0.123,"JUST IN: The Democratic Party of Virginia is calling for Gov. Northam‚Äôs immediate resignation.

‚ÄúWe made the decisi‚Ä¶ https://t.co/9IySzRqmSe",43
0.4019,Sat Feb 02 15:44:07 +0000 2019,@CNN,0.0,0.863,0.137,"""You are loved"": Meghan, Duchess of Sussex, writes notes of support for sex workers while visiting charity‚Ä¶ https://t.co/o71nTcSXpJ",44
0.6124,Sat Feb 02 15:31:00 +0000 2019,@CNN,0.086,0.683,0.23,"The usual Super Bowl suspects like Coke, Pepsi, Pringles and Doritos are back with new ads that feature a host of c‚Ä¶ https://t.co/EHywZPDdu9",45
-0.0258,Sat Feb 02 15:29:07 +0000 2019,@CNN,0.093,0.817,0.089,Former VP Joe Biden and Sen. Bernie Sanders are the latest to call for Gov. Northam to resign after he apologized f‚Ä¶ https://t.co/5tly9zDAyI,46
0.6597,Sat Feb 02 15:16:03 +0000 2019,@CNN,0.0,0.735,0.265,"Suicides among active duty military personnel assigned to US Special Operations Command tripled in 2018, according‚Ä¶ https://t.co/BmVQcT0gNd",47
0.5994,Sat Feb 02 15:08:29 +0000 2019,@CNN,0.0,0.83,0.17,"RT @CNNnewsroom: Tomorrow‚Äôs Super Bowl will be historical in US gambling history. 

As more states consider legalized sports gambling, @dar‚Ä¶",48
0.3947,Sat Feb 02 15:01:11 +0000 2019,@CNN,0.0,0.851,0.149,"As the proportion of those with handguns has increased, so has the number of children under the age of 5 who are dy‚Ä¶ https://t.co/MyL4u1iy7V",49
-0.3724,Sat Feb 02 14:46:11 +0000 2019,@CNN,0.113,0.887,0.0,"‚ÄúWhen all of these folks are telling you to step aside ‚Ä¶ politically, you cannot be effective in that role anymore,‚Ä¶ https://t.co/OLFJp5Wy2z",50
0.0,Sat Feb 02 14:44:07 +0000 2019,@CNN,0.0,1.0,0.0,"Public works employees in Florida were responding to reports of a possible sinkhole when they stumbled upon a ""very‚Ä¶ https://t.co/NDqWRzpoHI",51
0.0,Sat Feb 02 14:35:11 +0000 2019,@CNN,0.0,1.0,0.0,"Bill Burton, political adviser to Howard Schultz and former deputy press secretary to President Obama, tells CNN's‚Ä¶ https://t.co/VQs0ZoCNRx",52
0.0,Sat Feb 02 14:31:00 +0000 2019,@CNN,0.0,1.0,0.0,"London's Gatwick Airport is testing out an electric, autonomous robot named Stan that parks customers' cars for the‚Ä¶ https://t.co/rKXCAdj0gC",53
-0.3818,Sat Feb 02 14:17:07 +0000 2019,@CNN,0.133,0.867,0.0,"Commentary:

‚ÄúThe only people who should be upset about Schultz or any other legitimate third-party candidate getti‚Ä¶ https://t.co/cSRmgYgffK",54
0.0,Sat Feb 02 14:16:03 +0000 2019,@CNN,0.0,1.0,0.0,Here's how stocks performed under each president from Reagan to Trump https://t.co/qYTPwtvGWq https://t.co/CnrI5PaF12,55
-0.4019,Sat Feb 02 14:01:11 +0000 2019,@CNN,0.144,0.856,0.0,Rep. Tulsi Gabbard to officially launch 2020 campaign after weeks of discord heading into the announcement‚Ä¶ https://t.co/v10cPdi5D6,56
0.0,Sat Feb 02 13:31:03 +0000 2019,@CNN,0.0,1.0,0.0,Russia has announced it is suspending participation in the INF nuclear missile treaty ‚Äî one day after the US declar‚Ä¶ https://t.co/FrqIrCYTXd,57
0.3306,Sat Feb 02 13:31:00 +0000 2019,@CNN,0.0,0.895,0.105,"Is breakfast really the most important meal of the day?

A new study finds that eating breakfast may not actually h‚Ä¶ https://t.co/buPkxSKlNU",58
-0.2584,Sat Feb 02 13:14:57 +0000 2019,@CNN,0.12,0.88,0.0,"Punxsutawney Phil predicts spring will come early.

Here's why you shouldn't get too excited, though.‚Ä¶ https://t.co/dq3Q5Nyc68",59
-0.6705,Sat Feb 02 13:01:05 +0000 2019,@CNN,0.231,0.769,0.0,"European colonizers killed so many Native Americans that it changed the global climate, researchers say‚Ä¶ https://t.co/VvlN1zAhxx",60
-0.5106,Sat Feb 02 12:31:00 +0000 2019,@CNN,0.223,0.777,0.0,The argument over coffee's health impact dates back centuries. Here's a look at coffee's controversial history and‚Ä¶ https://t.co/iBx6p8lHu1,61
0.0,Sat Feb 02 12:02:01 +0000 2019,@CNN,0.0,1.0,0.0,"RT @CNNTonight: ""People are going to have their opinions about whatever, and all I can deal with right now is what my heart says."" - Gladys‚Ä¶",62
0.3182,Sat Feb 02 12:01:05 +0000 2019,@CNN,0.0,0.892,0.108,The House Democratic Women's Working Group is inviting women to wear white to President Trump's State of the Union‚Ä¶ https://t.co/ASPppyRVKh,63
-0.3818,Sat Feb 02 11:31:00 +0000 2019,@CNN,0.12,0.88,0.0,The US government has given CNN an inside look at the Pentagon‚Äôs work on ‚Äúdeepfakes‚Äù ‚Äî those manipulated videos tha‚Ä¶ https://t.co/zSFfzy3iJX,64
0.0,Sat Feb 02 11:01:06 +0000 2019,@CNN,0.0,1.0,0.0,US cities as cold as the Arctic. An Australian inferno. The UK covered in snow. It's only one month into 2019 and e‚Ä¶ https://t.co/pm4sWV5ifQ,65
0.0,Sat Feb 02 10:31:00 +0000 2019,@CNN,0.0,1.0,0.0,This could be the world's heaviest avocado https://t.co/dYXt28sD1e https://t.co/pN20perh6V,66
-0.802,Sat Feb 02 10:01:05 +0000 2019,@CNN,0.353,0.647,0.0,"Marijuana possession cases, regardless of quantity or a person's criminal record, will no longer be prosecuted in B‚Ä¶ https://t.co/se1NjuEPmc",67
0.5994,Sat Feb 02 09:31:00 +0000 2019,@CNN,0.0,0.813,0.187,Many fans attending Super Bowl 53 are flying in via Hartsfield-Jackson Atlanta International Airport. Here's what t‚Ä¶ https://t.co/WZHDOCA0QA,68
0.4019,Sat Feb 02 09:01:02 +0000 2019,@CNN,0.0,0.881,0.119,An 11-year-old girl began asking nursing home residents what three things in the world they wish they had right now‚Ä¶ https://t.co/y1NenDX44M,69
0.25,Sat Feb 02 08:31:00 +0000 2019,@CNN,0.0,0.867,0.133,This self-taught teen pianist plays with four fingers and two prosthetic legs https://t.co/DmhJaxU3ZI https://t.co/fX83AbxPDk,70
-0.5574,Sat Feb 02 08:01:03 +0000 2019,@CNN,0.159,0.841,0.0,An undocumented worker fired from President Trump's New Jersey golf club will be in attendance at Trump's State of‚Ä¶ https://t.co/Ro4FL1lFke,71
0.5622,Sat Feb 02 07:31:00 +0000 2019,@CNN,0.0,0.795,0.205,"With a top speed of 207 mph and a starting price of around $215,000, the 2019 Bentley Continental GT is performance‚Ä¶ https://t.co/4eEDSvutdf",72
0.1779,Sat Feb 02 07:16:07 +0000 2019,@CNN,0.0,0.909,0.091,"A massive hole two-thirds the size of Manhattan has been discovered growing in an Antarctic glacier, signaling rapi‚Ä¶ https://t.co/lZjcpTMqwz",73
0.1531,Sat Feb 02 07:01:05 +0000 2019,@CNN,0.0,0.922,0.078,"Captain Rosemary Mariner, the first woman to fly a tactical fighter jet in the US Navy, will receive the first-ever‚Ä¶ https://t.co/x4Ldnu4Bp3",74
-0.4939,Sat Feb 02 06:46:03 +0000 2019,@CNN,0.278,0.602,0.12,A former youth care worker has been sentenced to 19 years in prison for sexually abusing teenage boys at a migrant‚Ä¶ https://t.co/zKrxZiyZW0,75
0.25,Sat Feb 02 06:31:00 +0000 2019,@CNN,0.0,0.889,0.111,Massachusetts Institute of Technology engineers have developed a robot that plays Jenga using technology they say c‚Ä¶ https://t.co/MhXvfW9Mhv,76
0.0,Sat Feb 02 06:16:04 +0000 2019,@CNN,0.0,1.0,0.0,"People in the Philippines spend the most time online, a new global report finds https://t.co/dMfgwLucTl https://t.co/LqVZCQbsL2",77
0.5994,Sat Feb 02 06:08:00 +0000 2019,@CNN,0.0,0.822,0.178,Heading to Atlanta for the Super Bowl? Here are some of the most photo-worthy spots around the city.‚Ä¶ https://t.co/62j5BS6nat,78
-0.7579,Sat Feb 02 06:01:07 +0000 2019,@CNN,0.349,0.651,0.0,"A lawsuit accuses President Trump, his three eldest children and his company of collaborating with a fraudulent mar‚Ä¶ https://t.co/wktO7V4uyH",79
0.0,Sat Feb 02 05:46:04 +0000 2019,@CNN,0.0,1.0,0.0,"A company that counts former Blackwater CEO Erik Prince among its investors said it plans to build a ""training cent‚Ä¶ https://t.co/IdS42qGFQQ",80
0.0,Sat Feb 02 05:41:05 +0000 2019,@CNN,0.0,1.0,0.0,"The White House reversed a decision to replace the Education Department's acting inspector general on Friday, two d‚Ä¶ https://t.co/DWdy0GZ4gw",81
0.3182,Sat Feb 02 05:31:00 +0000 2019,@CNN,0.0,0.892,0.108,Foxconn says it's sticking to its original plan of making flat screen panels at a new plant in Wisconsin following‚Ä¶ https://t.co/sUQIY353do,82
-0.128,Sat Feb 02 05:16:04 +0000 2019,@CNN,0.26,0.565,0.175,US intelligence warns China is using student spies to steal secrets https://t.co/5SSy4GvcGv https://t.co/WNUMqbvKeb,83
-0.5994,Sat Feb 02 05:08:06 +0000 2019,@CNN,0.231,0.769,0.0,A Democrat and Republican have proposed a bill that would make animal cruelty a federal felony‚Ä¶ https://t.co/qebdP3RNlK,84
0.0,Sat Feb 02 05:01:05 +0000 2019,@CNN,0.0,1.0,0.0,"BTS' V dropped a new solo single titled ""Scenery."" The K-pop artist self-composed the five-minute ballad, which fea‚Ä¶ https://t.co/NUr8jqLK9L",85
0.7506,Sat Feb 02 04:51:04 +0000 2019,@CNN,0.0,0.738,0.262,The Washington Post will air a commercial during the Super Bowl on Sunday paying tribute to the importance of journ‚Ä¶ https://t.co/MtQQ92kkMW,86
0.6808,Sat Feb 02 04:44:53 +0000 2019,@CNN,0.0,0.694,0.306,"RT @CNNTonight: Presidential candidate Julian Castro: ""There's the opportunity to understand and accept [Northam's] apology. But I also bel‚Ä¶",87
-0.3818,Sat Feb 02 04:44:45 +0000 2019,@CNN,0.106,0.894,0.0,"RT @AC360: ""The President needs to get off this kick of declaring an emergency declaration,"" says former Rep. Charlie Dent. ""That would abs‚Ä¶",88
0.3182,Sat Feb 02 04:44:21 +0000 2019,@CNN,0.09,0.754,0.156,A congressional aide who was key in crafting the controversial Republican House Intelligence Committee memo that ac‚Ä¶ https://t.co/CajtjM9TFu,89
0.5106,Sat Feb 02 04:34:08 +0000 2019,@CNN,0.0,0.87,0.13,"RT @AC360: Howard Dean says the Democrats need a presidential candidate that is ""strong enough to stand up to Trump without making him the‚Ä¶",90
0.0,Sat Feb 02 04:34:04 +0000 2019,@CNN,0.0,1.0,0.0,"RT @AC360: Former US Secretary of State Madeleine Albright says she is ""concerned"" with President Trump suspending the nuclear arms treaty‚Ä¶",91
0.6124,Sat Feb 02 04:33:13 +0000 2019,@CNN,0.086,0.683,0.23,"The usual Super Bowl suspects like Coke, Pepsi, Pringles and Doritos are back with new ads that feature a host of c‚Ä¶ https://t.co/DRzprCfiga",92
0.0,Sat Feb 02 04:31:05 +0000 2019,@CNN,0.0,1.0,0.0,The Trump administration defended its efforts to identify and reunify migrant children who had been separated from‚Ä¶ https://t.co/XzsHa9Fdus,93
0.0,Sat Feb 02 04:29:27 +0000 2019,@CNN,0.0,1.0,0.0,"London's Gatwick Airport is testing out an electric, autonomous robot named Stan that parks customers' cars for the‚Ä¶ https://t.co/nmQz9C9hzp",94
0.1779,Sat Feb 02 04:25:12 +0000 2019,@CNN,0.0,0.922,0.078,"RT @CNNBusiness: Apple, Facebook, Amazon, Tesla -- Some of the world's biggest companies reported earnings this week. Here's how the market‚Ä¶",95
-0.296,Sat Feb 02 04:16:03 +0000 2019,@CNN,0.099,0.901,0.0,Football fans see it almost every year: A team's season coming to an end because of a missed field goal. Kickers ar‚Ä¶ https://t.co/ksgwTxIbDd,96
-0.6124,Sat Feb 02 04:08:29 +0000 2019,@CNN,0.148,0.852,0.0,"RT @CNNTonight: ""Democrats who have called out President Trump for his racist remarks cannot try to sweep this one under the rug just becau‚Ä¶",97
-0.046,Sat Feb 02 04:08:19 +0000 2019,@CNN,0.056,0.944,0.0,"RT @AC360: ""I think this has been, kind of, frankly, somewhat of a silly, rhetorical exercise."" - @RepMichaelWaltz, on what to call Trump's‚Ä¶",98
0.0,Sat Feb 02 04:01:06 +0000 2019,@CNN,0.0,1.0,0.0,The US Census Bureau said it will move forward with plans to test a citizenship question in a nationwide survey thi‚Ä¶ https://t.co/K5MlyOVlJ9,99
0.0,Thu Nov 08 19:18:44 +0000 2018,@FoxNews,0.0,1.0,0.0,BREAKING: Federal appeals court rules against Trump administration on DACA https://t.co/KHnrNvEKAM,0
-0.6124,Thu Nov 08 17:02:25 +0000 2018,@FoxNews,0.269,0.615,0.115,"Breaking News: Grand jury indicts captain of Missouri duck boat that sank in severe weather, killing 17 people https://t.co/ffOOgzRwdo",1
-0.7783,Thu Nov 08 15:14:45 +0000 2018,@FoxNews,0.362,0.638,0.0,"JUST IN: Police identify gunman who opened fire inside California bar, killing 12 https://t.co/PvITYr54AX",2
0.7906,Thu Nov 08 14:22:51 +0000 2018,@FoxNews,0.0,0.611,0.389,JUST IN: Supreme Court Justice Ruth Bader Ginsburg fractures 3 ribs in fall https://t.co/9UM9hKTz4m,3
-0.6369,Thu Nov 08 13:43:25 +0000 2018,@FoxNews,0.167,0.833,0.0,"Sgt. Ron Helus was fatally shot when he responded to the mass shooting on Nov. 7 at a bar in Thousand Oaks, Califor‚Ä¶ https://t.co/vOH3OWPN5S",4
-0.6597,Thu Nov 08 13:35:03 +0000 2018,@FoxNews,0.328,0.672,0.0,Tom Homan: ‚ÄúIt‚Äôs a tragedy each and every time.‚Äù https://t.co/dMV68Hfdz0 https://t.co/hrq51VJg7x,5
-0.34,Thu Nov 08 13:22:27 +0000 2018,@FoxNews,0.138,0.862,0.0,"People walk away from the scene in Thousand Oaks, Calif. where a gunman opened fire Wednesday.‚Ä¶ https://t.co/O3Oo2iLL8O",6
0.0,Thu Nov 08 12:56:20 +0000 2018,@FoxNews,0.0,1.0,0.0,Teylor Whittler describes what she witnessed at California bar shooting https://t.co/dMV68Hfdz0 https://t.co/YznTZgQoYY,7
0.0,Thu Nov 08 12:37:05 +0000 2018,@FoxNews,0.0,1.0,0.0,"An FBI agent talks to a potential witness as they stand near the scene in Thousand Oaks, Calif. where a gunman open‚Ä¶ https://t.co/7QOmXNTYM0",8
-0.34,Thu Nov 08 12:25:14 +0000 2018,@FoxNews,0.13,0.87,0.0,Ventura County Fire Department Captain Stan Ziegler: ‚ÄúHundreds of first responders responded initially to the scene‚Ä¶ https://t.co/o4gArhmy4e,9
0.0258,Thu Nov 08 12:06:14 +0000 2018,@FoxNews,0.1,0.795,0.105,"People comfort each other as they stand near the scene in Thousand Oaks, Calif. where a gunman opened fire during a‚Ä¶ https://t.co/wPI4XSpirC",10
-0.6486,Thu Nov 08 11:54:22 +0000 2018,@FoxNews,0.264,0.736,0.0,"California bar shooting leaves 12 dead, including sheriff's sergeant, police say https://t.co/dMV68Hfdz0 https://t.co/WvjarPpwPV",11
-0.6486,Thu Nov 08 11:38:17 +0000 2018,@FoxNews,0.281,0.719,0.0,"California bar shooting leaves 12 dead, including sheriff's sergeant, police say https://t.co/GqI77wMuYZ",12
0.0,Thu Nov 08 11:32:26 +0000 2018,@FoxNews,0.0,1.0,0.0,"Sheriff's deputies speak to potential witnesses as they stand near the scene in Thousand Oaks, Calif., where a gunm‚Ä¶ https://t.co/jPE8k9oQHr",13
-0.6486,Thu Nov 08 11:26:46 +0000 2018,@FoxNews,0.323,0.677,0.0,13 dead in country music bar including gunman https://t.co/PvITYr54AX https://t.co/UURBIatqte,14
-0.6486,Thu Nov 08 11:18:08 +0000 2018,@FoxNews,0.281,0.719,0.0,"12 dead in shooting at Thousand Oaks nightclub, police say https://t.co/PvITYr54AX https://t.co/o8Nf8WuJcZ",15
-0.6486,Thu Nov 08 11:13:32 +0000 2018,@FoxNews,0.235,0.765,0.0,"Breaking News: At least 12 dead in shooting at Thousand Oaks nightclub, police say https://t.co/u6sVxdzHq5",16
0.0,Thu Nov 08 11:12:14 +0000 2018,@FoxNews,0.0,1.0,0.0,.@CarleyShimkus is live with the ‚ÄòFox News Update‚Äô on Facebook Watch: https://t.co/hNrB8xzepH https://t.co/cQ9uxkjUIK,17
0.0,Thu Nov 08 10:53:33 +0000 2018,@FoxNews,0.0,1.0,0.0,"Authorities deliver an update on the shooting in Thousand Oaks, California. (Courtesy: KABC) https://t.co/BtGxxIfNx5",18
0.0,Thu Nov 08 10:36:12 +0000 2018,@FoxNews,0.0,1.0,0.0,Pastor Dimas Salaberrios on California shooting: ‚ÄúMy immediate thoughts go out to the families. Because what‚Äôs happ‚Ä¶ https://t.co/iowf5VOL2l,19
0.4767,Thu Nov 08 10:30:40 +0000 2018,@FoxNews,0.0,0.78,0.22,"Las Vegas shooting survivors were inside Thousand Oaks bar, friends say https://t.co/nW9TLTON9n",20
-0.6486,Thu Nov 08 10:24:08 +0000 2018,@FoxNews,0.235,0.765,0.0,"UPDATE: At least 11 wounded in shooting at California bar, gunman dead, police say https://t.co/awRowfbeRy",21
-0.6486,Thu Nov 08 10:16:43 +0000 2018,@FoxNews,0.381,0.619,0.0,Authorities confirm gunman is dead @FoxFriendsFirst https://t.co/PvITYr54AX https://t.co/a2EIH1EWmA,22
-0.3182,Thu Nov 08 10:10:46 +0000 2018,@FoxNews,0.108,0.892,0.0,Ventura County Sheriff‚Äôs Office Captain Garo Kuredjian: ‚ÄúI don‚Äôt know what the condition of any of the victims are‚Ä¶ https://t.co/96mT27WHZv,23
0.0,Thu Nov 08 10:03:44 +0000 2018,@FoxNews,0.0,1.0,0.0,"At least 11 shot, including sheriff‚Äôs deputy ‚Äî Jonathan Hunt has the latest from the scene of the California shooti‚Ä¶ https://t.co/sLzLyMsrn5",24
-0.4939,Thu Nov 08 09:54:50 +0000 2018,@FoxNews,0.286,0.714,0.0,Witnesses describe chaotic scene during Thousand Oaks shooting https://t.co/qE8RqKGjz3,25
-0.5267,Thu Nov 08 09:46:19 +0000 2018,@FoxNews,0.236,0.764,0.0,UPDATE: At least 11 people hurt in California shooting @FoxFriendsFirst https://t.co/PvITYr54AX https://t.co/RGWIkaxF4f,26
0.4019,Thu Nov 08 09:40:57 +0000 2018,@FoxNews,0.0,0.881,0.119,"Daniel Hoffman on California shooting: ‚ÄúThis still an active shooter scene, and the focus is on dealing with that a‚Ä¶ https://t.co/PiwHhe5HuX",27
0.4939,Thu Nov 08 09:31:36 +0000 2018,@FoxNews,0.0,0.856,0.144,"Former Las Vegas Metro Police Lt. Randy Sutton: ‚ÄúThose who respond to this show incredible bravery, because they ar‚Ä¶ https://t.co/idcJJuVRMP",28
0.0,Thu Nov 08 09:25:02 +0000 2018,@FoxNews,0.0,1.0,0.0,"Authorities deliver a briefing on a shooting in Thousand Oaks, California. (Courtesy: KCBS) https://t.co/5VGZz3rDIL",29
0.0,Thu Nov 08 09:18:00 +0000 2018,@FoxNews,0.0,1.0,0.0,"Mass shooting at California bar, @HeatherChilders &amp; @JackieibanezFNC have the latest @FoxFriendsFirst‚Ä¶ https://t.co/8c8H5LUFCu",30
0.0,Thu Nov 08 09:10:00 +0000 2018,@FoxNews,0.0,1.0,0.0,Tesla names Robyn Denholm as Chairman to replace Elon Musk (via @FoxBusiness) https://t.co/SKjBXxUdOD,31
0.2006,Thu Nov 08 09:01:00 +0000 2018,@FoxNews,0.091,0.783,0.126,@marcthiessen: ‚ÄúThe president today made very clear that he wants to cut deals with the Democrats. And quite frankl‚Ä¶ https://t.co/3eA2dn4vQh,32
-0.4404,Thu Nov 08 09:00:00 +0000 2018,@FoxNews,0.218,0.782,0.0,".@TuckerCarlson: ""While everyone else obsessed over dossiers and FISA warrants, Sessions worried about the mission‚Ä¶ https://t.co/LSvnOqZMsq",33
-0.4939,Thu Nov 08 08:51:00 +0000 2018,@FoxNews,0.344,0.44,0.216,"Wife's dying wish was for him to clean up bloody crime scene, suspect claims: reports https://t.co/7Wxd39jDEB",34
0.0,Thu Nov 08 08:41:00 +0000 2018,@FoxNews,0.0,1.0,0.0,DEVELOPING: Massive police response after reports of shooting at California nightclub https://t.co/awRowfsPJ6,35
0.4939,Thu Nov 08 08:31:00 +0000 2018,@FoxNews,0.0,0.842,0.158,".@senatemajldr Mitch McConnell said Wednesday that Democrats and Republicans will have to address health care ""on a‚Ä¶ https://t.co/XxmktKMZ7F",36
0.5106,Thu Nov 08 08:21:00 +0000 2018,@FoxNews,0.0,0.845,0.155,"Joseph diGenova on who could replace AG Sessions: ""@ChrisChristie would have the full confidence of @POTUS, which i‚Ä¶ https://t.co/lt485btkXG",37
0.2263,Thu Nov 08 08:06:00 +0000 2018,@FoxNews,0.124,0.69,0.186,Dem @GavinNewsom's wild victory party in LA features controversial rapper @common https://t.co/V9SSpxOUH7,38
0.7096,Thu Nov 08 08:01:00 +0000 2018,@FoxNews,0.0,0.704,0.296,".@jasoninthehouse: ‚ÄúAttorney General @jeffsessions is a patriot. He was a good Republican, and I applaud him for hi‚Ä¶ https://t.co/MRia8l8dOM",39
0.5719,Thu Nov 08 07:51:00 +0000 2018,@FoxNews,0.0,0.793,0.207,"Devotees lit earthen lamps in Ayodhya, India as part of Diwali celebrations, also known as a festival of lights, on‚Ä¶ https://t.co/uWGZnrkvqD",40
-0.7351,Thu Nov 08 07:41:00 +0000 2018,@FoxNews,0.279,0.721,0.0,".@TGowdySC on Jeff Sessions resigning: ""It was going to happen...He's been a proverbial dead man walking for severa‚Ä¶ https://t.co/ojKL4KMFTz",41
-0.4215,Thu Nov 08 07:31:00 +0000 2018,@FoxNews,0.286,0.714,0.0,Mob chants threats outside @TuckerCarlson‚Äôs DC home https://t.co/IJE8m5gjWi,42
0.7964,Thu Nov 08 07:21:00 +0000 2018,@FoxNews,0.0,0.717,0.283,".@TuckerCarlson: ""Supporting marriage and children is the best, maybe the only way, for Republicans or any of us to‚Ä¶ https://t.co/fqPwC8XTaY",43
0.4404,Thu Nov 08 07:16:00 +0000 2018,@FoxNews,0.0,0.707,0.293,.@KennedyNation: Dems in 2020 better without Nancy https://t.co/54vTCiffG4,44
-0.4767,Thu Nov 08 07:11:00 +0000 2018,@FoxNews,0.307,0.693,0.0,Battleground-state Dems who opposed Kavanaugh all defeated https://t.co/guqMSVjd74,45
0.0772,Thu Nov 08 07:01:00 +0000 2018,@FoxNews,0.0,0.939,0.061,".@Jim_Jordan on his run for House GOP leader: ‚ÄúWe have to match [@POTUS‚Äôs] intensity, that‚Äôs what I want to do. If‚Ä¶ https://t.co/2VOW1ykCsI",46
0.0,Thu Nov 08 06:51:00 +0000 2018,@FoxNews,0.0,1.0,0.0,.@senatemajldr: Dem Votes Against Kavanaugh Were a 'Godsend' to GOP in Midterms https://t.co/ietr8sP4EQ,47
0.0,Thu Nov 08 06:41:00 +0000 2018,@FoxNews,0.0,1.0,0.0,.@marcthiessen: ‚ÄúThere‚Äôs lots of things that Democrats could take a stand on that they find inherently unacceptable‚Ä¶ https://t.co/c7UFDzFd60,48
-0.5423,Thu Nov 08 06:36:00 +0000 2018,@FoxNews,0.171,0.829,0.0,".@DarrellIssa on the Mueller probe: ""Two years is a long time to look for a crime you can't prove.""‚Ä¶ https://t.co/plX9kxpSXy",49
0.0,Thu Nov 08 06:31:00 +0000 2018,@FoxNews,0.0,1.0,0.0,"Second teen dies of gunshot wound after Oklahoma mom's rampage, authorities say https://t.co/VUQxsa3mq3",50
0.2006,Thu Nov 08 06:21:00 +0000 2018,@FoxNews,0.091,0.783,0.126,.@marcthiessen: ‚ÄúThe president today made very clear that he wants to cut deals with the Democrats. And quite frank‚Ä¶ https://t.co/MGVdJQVfUt,51
-0.34,Thu Nov 08 06:11:00 +0000 2018,@FoxNews,0.167,0.833,0.0,"Florida Highway Patrol cruiser hits 142 mph in pursuit, catches on fire https://t.co/GqWKI45AAm",52
0.0,Thu Nov 08 06:01:00 +0000 2018,@FoxNews,0.0,1.0,0.0,Democratic strategist @LeslieMarshall: ‚ÄúWhat we need is not a wall ‚Äî and not a wall that we can‚Äôt afford ‚Äî but comp‚Ä¶ https://t.co/TzRWVJQeVv,53
-0.5719,Thu Nov 08 05:51:00 +0000 2018,@FoxNews,0.217,0.783,0.0,"Sex offender gets 22 years after missing boy, 14, found in his room at halfway house, authorities say https://t.co/sDd0VQzob4",54
0.3182,Thu Nov 08 05:41:00 +0000 2018,@FoxNews,0.088,0.72,0.192,".@POTUS touts Senate gains, @LelandVittert breaks down the results @foxnewsnight https://t.co/VMzif8sgHH",55
0.0,Thu Nov 08 05:31:00 +0000 2018,@FoxNews,0.0,1.0,0.0,Former Kavanaugh colleague among group being considered to replace Sessions as AG: reports https://t.co/HxAlDZx2Mg,56
0.0,Thu Nov 08 05:26:00 +0000 2018,@FoxNews,0.0,1.0,0.0,"Too close to call: Meticulous vote count transpiring in Arizona Senate race, @aacuna1 reports @foxnewsnight https://t.co/DV6EX4Ogxe",57
0.6841,Thu Nov 08 05:21:01 +0000 2018,@FoxNews,0.099,0.603,0.298,"Former SEAL Mocked by 'SNL' Wins TX House Seat, Calls for More Vets in Congress https://t.co/T0PAhopphH‚Ä¶ https://t.co/qhS5BVOE2U",58
0.0,Thu Nov 08 05:11:00 +0000 2018,@FoxNews,0.0,1.0,0.0,South Carolina voter told to remove 'Trump' shirt in order to vote: report https://t.co/xWY2EdSpDF,59
0.0,Thu Nov 08 05:01:00 +0000 2018,@FoxNews,0.0,1.0,0.0,.@POTUS: ‚ÄúHopefully we can all work together next year to continue delivering for the American people.‚Äù‚Ä¶ https://t.co/FdLczQZN4g,60
0.0,Thu Nov 08 04:55:00 +0000 2018,@FoxNews,0.0,1.0,0.0,Former US Attorney Harry Litman on Whitaker &amp; Mueller probe: ‚ÄúI think most people think it‚Äôs unlikely that he would‚Ä¶ https://t.co/6W1eHbZ7zZ,61
0.296,Thu Nov 08 04:50:00 +0000 2018,@FoxNews,0.0,0.896,0.104,Pete Davidson's 'SNL' castmate Kenan Thompson talks Dan Crenshaw joke: 'They are figuring out a way to right that w‚Ä¶ https://t.co/MlIJF907FK,62
0.7096,Thu Nov 08 04:45:00 +0000 2018,@FoxNews,0.0,0.704,0.296,".@jasoninthehouse: ‚ÄúAttorney General @jeffsessions is a patriot. He was a good Republican, and I applaud him for hi‚Ä¶ https://t.co/lqmOqmHcJZ",63
0.0,Thu Nov 08 04:35:00 +0000 2018,@FoxNews,0.0,1.0,0.0,"Tom Dupree on Acting Attorney General Matthew Whitaker: ‚ÄúCalls for him to recuse from Russia, I think, are meritles‚Ä¶ https://t.co/74TWeQngjg",64
-0.1531,Thu Nov 08 04:25:00 +0000 2018,@FoxNews,0.127,0.873,0.0,"Cabinet shakeup expected after @jeffsessions pushed out, @edhenry reports @foxnewsnight https://t.co/6UTwyCpZRV https://t.co/MY7kH6s4T7",65
-0.296,Thu Nov 08 04:14:15 +0000 2018,@FoxNews,0.155,0.845,0.0,"New reactions to Sessions resignation, Catherine Herridge has the story @foxnewsnight https://t.co/6UTwyCHBgv https://t.co/FaiATyMSgC",66
-0.4939,Thu Nov 08 04:05:00 +0000 2018,@FoxNews,0.225,0.775,0.0,MLB star @Bharper3407 rejects $300M offer from Nationals: Reports (via @FoxBusiness) https://t.co/Bgfoyi7fNH,67
-0.5574,Thu Nov 08 03:55:00 +0000 2018,@FoxNews,0.265,0.735,0.0,Doug Schoen: Trump shouldn‚Äôt have fired Jeff Sessions ‚Äì here‚Äôs why https://t.co/0ITTpZyqyx,68
0.5106,Thu Nov 08 03:52:26 +0000 2018,@FoxNews,0.0,0.845,0.155,"Joseph diGenova on who could replace AG Sessions: ""@ChrisChristie would have the full confidence of @POTUS, which i‚Ä¶ https://t.co/3eoxyIurd3",69
0.0,Thu Nov 08 03:48:00 +0000 2018,@FoxNews,0.0,1.0,0.0,‚ÄòBrady Bunch‚Äô cast to take part in TV home‚Äôs renovation: report https://t.co/rebtV4qkql,70
-0.296,Thu Nov 08 03:42:00 +0000 2018,@FoxNews,0.196,0.804,0.0,".@TuckerCarlson: Dems' Election Message Was All 'Trump', No Substance https://t.co/CscvHQkfAX",71
-0.2023,Thu Nov 08 03:35:00 +0000 2018,@FoxNews,0.122,0.878,0.0,"11-year-old in North Carolina charged with putting needles in Halloween candy, police say https://t.co/Dm3F07wpIt",72
0.5106,Thu Nov 08 03:29:00 +0000 2018,@FoxNews,0.0,0.798,0.202,Rhino rescue? Scientists may hold key to saving northern white rhinoceros from extinction  https://t.co/VUifTtCbTk,73
0.0,Thu Nov 08 03:23:02 +0000 2018,@FoxNews,0.0,1.0,0.0,"RT @FoxBusiness: Rick Scott: ""Socialism will not happen in our nation, and it's not going to happen under my watch."" https://t.co/CLNOuNnGNo",74
0.0,Thu Nov 08 03:23:00 +0000 2018,@FoxNews,0.0,1.0,0.0,"Democrat Colin Allred, who unseated Rep. Pete Sessions, won't say if he'll back Pelosi https://t.co/mNox8bKgiA",75
0.0,Thu Nov 08 03:16:01 +0000 2018,@FoxNews,0.0,1.0,0.0,Surveillance video shows Michigan woman reportedly reversing car into store https://t.co/tJr2cUsZ8a,76
0.4939,Thu Nov 08 03:11:00 +0000 2018,@FoxNews,0.0,0.842,0.158,".@senatemajldr Mitch McConnell said Wednesday that Democrats and Republicans will have to address health care ""on a‚Ä¶ https://t.co/xF54bEhvOA",77
-0.0772,Thu Nov 08 03:04:00 +0000 2018,@FoxNews,0.191,0.638,0.17,Woman finds her diamond before proposal and 'ring shames' herself https://t.co/uoLHUxHeBD,78
-0.4215,Thu Nov 08 03:01:47 +0000 2018,@FoxNews,0.257,0.743,0.0,McDonald's customers‚Äô $5M lawsuit over unwanted Quarter Pounder cheese dismissed by judge https://t.co/yBEvL4cAFK,79
0.0,Thu Nov 08 02:46:10 +0000 2018,@FoxNews,0.0,1.0,0.0,Trump neuters ObamaCare birth control coverage mandate with limits on plans covering abortion https://t.co/ZXX1uDaqXl,80
0.4939,Thu Nov 08 02:38:00 +0000 2018,@FoxNews,0.0,0.856,0.144,The New York Police Department gathered about 20 saluting officers and held an aviation flyover to honor an Emergen‚Ä¶ https://t.co/AUnS1mBlzM,81
0.0772,Thu Nov 08 02:33:06 +0000 2018,@FoxNews,0.0,0.894,0.106,"RT @FoxBusiness: .@KellyannePolls: ""Many people want to work in @POTUS' administration."" https://t.co/to6mCzFkA7",82
0.6833,Thu Nov 08 02:21:04 +0000 2018,@FoxNews,0.0,0.776,0.224,"A trooper took this beautiful photo of a double rainbow over a New York State Police squad car, Tuesday. https://t.co/j9V1h3Ja5p",83
0.0,Thu Nov 08 02:16:29 +0000 2018,@FoxNews,0.0,1.0,0.0,Jeff Sessions' departure leads to questions about Russia probe's future https://t.co/5iWsDcmrYO,84
-0.4404,Thu Nov 08 02:07:37 +0000 2018,@FoxNews,0.218,0.782,0.0,".@TuckerCarlson: ""While everyone else obsessed over dossiers and FISA warrants, Sessions worried about the mission‚Ä¶ https://t.co/9Kv1DtfGKv",85
0.0,Thu Nov 08 02:04:34 +0000 2018,@FoxNews,0.0,1.0,0.0,South Carolina voter told to remove 'Trump' shirt in order to vote: report https://t.co/HXoKJGWYxV,86
0.0772,Thu Nov 08 02:00:56 +0000 2018,@FoxNews,0.0,0.909,0.091,Virginia drug-dealing mom gets 10-day jail sentence after providing marijuana to three children https://t.co/PiU3CthxVx,87
0.7964,Thu Nov 08 01:42:53 +0000 2018,@FoxNews,0.0,0.717,0.283,".@TuckerCarlson: ""Supporting marriage and children is the best, maybe the only way, for Republicans or any of us to‚Ä¶ https://t.co/WrELn434wB",88
0.5106,Thu Nov 08 01:39:30 +0000 2018,@FoxNews,0.0,0.837,0.163,Fox News Channel tops all broadcast and cable news networks in total viewers for midterm election coverage.‚Ä¶ https://t.co/H418QSswpI,89
0.3818,Thu Nov 08 01:37:28 +0000 2018,@FoxNews,0.0,0.809,0.191,"Sacha Baron Cohen revives 'Borat' character to talk politics, midterm election https://t.co/taa4Z5RCj1",90
-0.6597,Thu Nov 08 01:25:49 +0000 2018,@FoxNews,0.314,0.686,0.0,"Violinist claims Southwest Airlines forced him to leave flight after he refused to check $80,000 instrument https://t.co/S5TxSoH3uu",91
-0.1027,Thu Nov 08 01:13:00 +0000 2018,@FoxNews,0.085,0.915,0.0,"'Take Their Word For It': Jim Jordan Warns of Congressional Investigations By Nadler, Waters, Schiff https://t.co/ZXsUPobdbG",92
0.0,Thu Nov 08 01:05:46 +0000 2018,@FoxNews,0.0,1.0,0.0,"Former Governor John Sununu: ""What really made a big difference in the House races around the country last night is‚Ä¶ https://t.co/HYFtiI57mO",93
-0.2732,Thu Nov 08 01:01:04 +0000 2018,@FoxNews,0.174,0.826,0.0,"Georgia posts private information of 300,000 absentee voters (via @keiperjourno) https://t.co/5H4ETZthYC",94
-0.4767,Thu Nov 08 00:58:26 +0000 2018,@FoxNews,0.205,0.795,0.0,"CNN's Jim Acosta press pass suspended by White House, Sarah Sanders announces https://t.co/5iiXWRUrCI",95
-0.4767,Thu Nov 08 00:53:56 +0000 2018,@FoxNews,0.193,0.807,0.0,"BREAKING: CNN's Jim Acosta press pass suspended by White House, Sarah Sanders announces https://t.co/eBITlnvfUj",96
0.0,Thu Nov 08 00:50:10 +0000 2018,@FoxNews,0.0,1.0,0.0,".@GovChrisSununu: ""I don't think last night was a referendum on the president. I think last night was really a refe‚Ä¶ https://t.co/lsznjxEPqK",97
0.1027,Thu Nov 08 00:32:49 +0000 2018,@FoxNews,0.077,0.825,0.098,Dershowitz on Sessions' Departure: Not All GOP Senators Will Allow Trump to Demand 'Loyalty' From New AG https://t.co/lrq24Ih7lc,98
0.0,Thu Nov 08 00:29:01 +0000 2018,@FoxNews,0.0,1.0,0.0,"RT @MikeEmanuelFox: Democrats gear up for 2020 presidential race - from #SpecialReport tonight: 

https://t.co/2rYNfdShiO",99
0.1531,Sun Feb 03 05:27:40 +0000 2019,@nytimes,0.107,0.759,0.134,"-Vodka from a fire extinguisher
-Vodka from a light bulb
-Vodka from a pair of binoculars

Welcome to the Booze His‚Ä¶ https://t.co/lqaBZj6lrd",0
-0.2263,Sun Feb 03 05:11:18 +0000 2019,@nytimes,0.145,0.743,0.112,"Kim Gordon called it one of her ""favorite shows ever."" Redd Kross thought they were going to die. A new film tells‚Ä¶ https://t.co/PeKFfq3tOM",1
0.25,Sun Feb 03 04:55:01 +0000 2019,@nytimes,0.0,0.913,0.087,"RT @nytimesmusic: In 2000, before the first R. Kelly expos√©, Dream Hampton wrote a glowing profile of the singer.

She hasn't written anoth‚Ä¶",2
0.0,Sun Feb 03 04:40:00 +0000 2019,@nytimes,0.0,1.0,0.0,After quitting watching football because of ‚Äúthe recent findings about the frequency with which concussions occur a‚Ä¶ https://t.co/kSZ2H4S9CG,3
0.466,Sun Feb 03 04:28:05 +0000 2019,@nytimes,0.0,0.798,0.202,"""Is it a comedy show? Is it a music show? Is it a tractor pull?"" https://t.co/UyIA8cXTrk",4
-0.7845,Sun Feb 03 04:11:04 +0000 2019,@nytimes,0.266,0.734,0.0,RT @MarkLandler: ‚ÄúLike Warhol‚Äôs shock of white hair or Big Bird‚Äôs saffron plumage...‚Äù Killer ‚Å¶@katierogers‚Å© on the mystery of Trump‚Äôs sun-k‚Ä¶,5
0.0,Sun Feb 03 04:06:17 +0000 2019,@nytimes,0.0,1.0,0.0,"Here's the Japanese article https://t.co/B5c47qPjkE

Êó•Êú¨„ÅÆ„ÉØ„Éº„Ç≠„É≥„Ç∞„Éû„Ç∂„Éº„ÅåÂÉç„Åç„Å´„Åè„ÅÑÊú¨ÂΩì„ÅÆÂéüÂõ†„ÇíÁêÜËß£„Åô„Çã„Å´„ÅØ„ÄÅÂÆ∂„ÅÆ‰∏≠„Çí„Åø„Çå„Å∞„Çè„Åã„Çä„Åæ„Åô„ÄÇÂÖ∏ÂûãÁöÑ„Å´„ÄÅÈÄ±„Å´49ÊôÇÈñì‰ª•‰∏äÂÉç„ÅÑ„Å¶„ÅÑ„ÇãÂ•≥‚Ä¶ https://t.co/gRFaOIq86M",6
0.128,Sun Feb 03 03:47:04 +0000 2019,@nytimes,0.0,0.923,0.077,"RT @davidenrich: Exclusive: During the 2016 campaign, @realDonaldTrump asked to borrow millions of dollars from @DeutscheBank. The loan req‚Ä¶",7
-0.6808,Sun Feb 03 03:24:47 +0000 2019,@nytimes,0.204,0.796,0.0,A witness claims in recently unsealed court documents that El Chapo once raped one of his mistresses and routinely‚Ä¶ https://t.co/5Vjw2OUB8A,8
-0.4215,Sun Feb 03 03:10:02 +0000 2019,@nytimes,0.183,0.817,0.0,"More than 1,600 inmates have been largely confined to freezing cells for nearly a week, since a fire partially cut‚Ä¶ https://t.co/9I1reRG6Xz",9
0.0258,Sun Feb 03 02:57:45 +0000 2019,@nytimes,0.199,0.637,0.163,"""Genre is such a ridiculous convention, as ridiculous as the idea of the Great American Novel,"" writes Marlon James https://t.co/n0V6ECr2T7",10
0.8519,Sun Feb 03 02:44:02 +0000 2019,@nytimes,0.0,0.671,0.329,"At the Grammys, the Best Music Video category ""should be seen as an opportunity to embrace a whole new breed of mus‚Ä¶ https://t.co/9VwwcewPG0",11
0.4215,Sun Feb 03 02:15:03 +0000 2019,@nytimes,0.0,0.877,0.123,"The most expensive home ever sold in the United States, an apartment in Manhattan, went for  just under $240 millio‚Ä¶ https://t.co/O5NRgZ4WdR",12
0.5994,Sun Feb 03 02:00:17 +0000 2019,@nytimes,0.0,0.83,0.17,"Kelly Rowland talks her new role as Gladys Knight in ""American Soul,"" and the politics of the Super Bowl https://t.co/i2p9TYHBkZ",13
0.0,Sun Feb 03 01:48:02 +0000 2019,@nytimes,0.0,1.0,0.0,RT @NYTSports: A playbook for dining in Atlanta during the @SuperBowl https://t.co/IFQYwnV2hJ https://t.co/qH4e33WZHm,14
-0.3182,Sun Feb 03 01:35:02 +0000 2019,@nytimes,0.091,0.909,0.0,"RT @NYTNational: Due to the shutdown, the cause of some deadly transportation accidents may never be known: ‚ÄúTrying to go back after the fa‚Ä¶",15
0.0,Sun Feb 03 01:15:09 +0000 2019,@nytimes,0.0,1.0,0.0,"""When a theater bypasses paper playbills, it is outsourcing a job to its audience members ‚Äî saying that if they wan‚Ä¶ https://t.co/EKqtBOUjoN",16
-0.2737,Sun Feb 03 01:00:14 +0000 2019,@nytimes,0.163,0.717,0.119,A 1968 unredacted report about one of the Vietnam's worst friendly-fire incidents does not show the chaos on the gr‚Ä¶ https://t.co/cNtcxff64j,17
0.0,Sun Feb 03 00:46:02 +0000 2019,@nytimes,0.0,1.0,0.0,"Los Angeles bet on the Rams team culture, and its research, when adding Aqib Talib, Ndamukong Suh, Dante Fowler and‚Ä¶ https://t.co/V8YrJY7zPV",18
-0.34,Sun Feb 03 00:31:04 +0000 2019,@nytimes,0.124,0.876,0.0,"RT @nytopinion: .@Martin_Dempsey is a ""balm in an inflamed social media universe,"" writes @giacomonyt. His Twitter account dispenses mini-s‚Ä¶",19
0.7964,Sun Feb 03 00:15:08 +0000 2019,@nytimes,0.0,0.552,0.448,"Did that really happen? In the NFL playoffs, yes, yes and yes. https://t.co/7YAxmcxDzE",20
0.0,Sun Feb 03 00:00:16 +0000 2019,@nytimes,0.0,1.0,0.0,"To understand what holds back working moms in Japan, look inside their homes, says @MotokoRich. Women who work more‚Ä¶ https://t.co/KFsLZjnNBH",21
0.296,Sat Feb 02 23:30:16 +0000 2019,@nytimes,0.058,0.833,0.108,"Candice Payne not only used her credit card to pay for hotel rooms for homeless people in Chicago, she also arrange‚Ä¶ https://t.co/XQzrCi0ZEP",22
0.0,Sat Feb 02 23:00:14 +0000 2019,@nytimes,0.0,1.0,0.0,"The most negotiable part of Buffalo wings, it turns out, are the wings. Here's our one-pan recipe for Buffalo cauli‚Ä¶ https://t.co/XFdu7zRTng",23
-0.3182,Sat Feb 02 22:45:05 +0000 2019,@nytimes,0.108,0.892,0.0,"A reporter was initially skeptical about a wedding between a woman and her dog. It turned out that the bride, who i‚Ä¶ https://t.co/Wy7gQHL7SX",24
0.0,Sat Feb 02 22:31:05 +0000 2019,@nytimes,0.0,1.0,0.0,"Rod Nordland writes in a news analysis, ""Experts also see lessons from Vietnam for the American experience in Afgha‚Ä¶ https://t.co/1JoacCn5JN",25
-0.128,Sat Feb 02 22:15:05 +0000 2019,@nytimes,0.105,0.813,0.081,"For hundreds of retired N.F.L. players, there has been no escape from a dependence on painkillers that routinely go‚Ä¶ https://t.co/hT6Rng6tVx",26
0.6724,Sat Feb 02 22:00:09 +0000 2019,@nytimes,0.0,0.771,0.229,"Jackie Robinson ""showed us all how to be strong enough not to fight back but rather to fight on and on and on,"" wri‚Ä¶ https://t.co/JnxDPkKIE0",27
-0.6808,Sat Feb 02 21:48:23 +0000 2019,@nytimes,0.204,0.796,0.0,A witness claims in recently unsealed court documents that El Chapo once raped one of his mistresses and routinely‚Ä¶ https://t.co/dtMaEP96LR,28
-0.4891,Sat Feb 02 21:45:03 +0000 2019,@nytimes,0.212,0.698,0.089,"""Fans in 44 American states mostly despise Brady and pray to the football gods that his Patriots never win another‚Ä¶ https://t.co/LR5VhJ4Gfh",29
0.0,Sat Feb 02 21:30:05 +0000 2019,@nytimes,0.0,1.0,0.0,"In Opinion

Brent Staples writes, ""As the push for white women‚Äôs rights neared its goal ‚Äî a constitutional amendmen‚Ä¶ https://t.co/31vtuIHczv",30
0.3612,Sat Feb 02 21:16:06 +0000 2019,@nytimes,0.0,0.894,0.106,"RT @noamscheiber: ‚ÄúHe straight-up told me he had been convicted of murder,‚Äù one classmate, Allyson Page, recalled. ‚ÄúI was like, ‚ÄòO.K., that‚Ä¶",31
0.3182,Sat Feb 02 21:00:08 +0000 2019,@nytimes,0.0,0.887,0.113,Sweating through winter in an overenthusiastically heated New York City apartment? Here are some ways to cool thing‚Ä¶ https://t.co/fhMYd91nUu,32
0.0,Sat Feb 02 20:46:03 +0000 2019,@nytimes,0.0,1.0,0.0,RT @stanfordc: It's time to face the news quiz: https://t.co/hDRQ1HNljh https://t.co/jVMmHV26gk,33
0.4404,Sat Feb 02 20:31:07 +0000 2019,@nytimes,0.0,0.879,0.121,"The official line from the White House is that President Trump‚Äôs glow, even in winter, is the result of ""good genes‚Ä¶ https://t.co/yLABCnDKsL",34
0.7311,Sat Feb 02 20:16:06 +0000 2019,@nytimes,0.0,0.745,0.255,"The Rams were Super Bowl contenders all season, but faith in the Patriots turned Sean McVay‚Äôs team into underdogs.‚Ä¶ https://t.co/ALljoS1gAq",35
0.0,Sat Feb 02 20:10:38 +0000 2019,@nytimes,0.0,1.0,0.0,"Gov. Ralph Northam of Virginia says he is ""not either of the people in that photo,"" which showed one person in blac‚Ä¶ https://t.co/LzifNWENqn",36
0.0,Sat Feb 02 20:00:11 +0000 2019,@nytimes,0.0,1.0,0.0,RT @NYTmag: This is not a letter of recommendation but you should still wrap a whole wheel of cheese in puff pastry and bake it: https://t.‚Ä¶,37
-0.5994,Sat Feb 02 19:45:02 +0000 2019,@nytimes,0.17,0.83,0.0,A TSA agent clocked out and then jumped to his death from the balcony of a hotel inside Orlando International Airpo‚Ä¶ https://t.co/GBBnVrk3OG,38
-0.4767,Sat Feb 02 19:31:44 +0000 2019,@nytimes,0.129,0.871,0.0,"RT @anniecorreal: Rally outside MDC Brooklyn, where we first reported poor heating and a power issue that has kept inmates confined to cold‚Ä¶",39
0.4019,Sat Feb 02 19:30:06 +0000 2019,@nytimes,0.0,0.881,0.119,"When he was sworn in as Virginia's lieutenant governor in 2018, Justin Fairfax had the papers that freed his great-‚Ä¶ https://t.co/nYP2NfZ6Ex",40
0.3182,Sat Feb 02 19:15:09 +0000 2019,@nytimes,0.0,0.864,0.136,RT @anniecorreal: Yesterday we reported on power and heat issues at the MDC. A judge issued a court order to allow the federal defender Dei‚Ä¶,41
0.0,Sat Feb 02 19:07:54 +0000 2019,@nytimes,0.0,1.0,0.0,"RT @JesseDrucker: Burning through cash, lending tens of millions to his campaign, Trump sought a golf loan from Deutsche Bank in 2016. DB s‚Ä¶",42
0.765,Sat Feb 02 19:00:16 +0000 2019,@nytimes,0.0,0.761,0.239,"Often, the Super Bowl host city is merely a prop for the game and parties. But Atlanta, and what it has stood for,‚Ä¶ https://t.co/f1UIK17VTo",43
0.0,Sat Feb 02 18:57:51 +0000 2019,@nytimes,0.0,1.0,0.0,"During the 2016 campaign, Donald Trump asked to borrow millions from Deutsche Bank, a loan request that was never d‚Ä¶ https://t.co/Vi7e81gyZW",44
0.0,Sat Feb 02 18:45:03 +0000 2019,@nytimes,0.0,1.0,0.0,What would Medicare for All mean for private insurance plans? Many Democratic presidential candidates in the U.S. s‚Ä¶ https://t.co/8Gt1Rf9kW1,45
0.0,Sat Feb 02 18:30:11 +0000 2019,@nytimes,0.0,1.0,0.0,"RT @nytimesworld: Is Gibraltar ""a colony of the British crown""? The European Union would never have said so. Brexit is changing that. https‚Ä¶",46
0.5423,Sat Feb 02 18:15:09 +0000 2019,@nytimes,0.0,0.8,0.2,"Want to experience a wine festival that only takes place a few times each century, and some rarely exported Swiss w‚Ä¶ https://t.co/dGgaa1VM8B",47
0.7506,Sat Feb 02 18:00:08 +0000 2019,@nytimes,0.085,0.63,0.285,"""The Patriots win a Super Bowl when someone they found languishing on the waiver wire ‚Äî or ignored until the bottom‚Ä¶ https://t.co/NLAITSdBsk",48
0.1531,Sat Feb 02 17:45:05 +0000 2019,@nytimes,0.129,0.67,0.201,"Attacks by settlers on Palestinians, their property and Israeli security forces increased by 50 percent last year.‚Ä¶ https://t.co/E6r5Pdv7CA",49
0.0,Sat Feb 02 17:35:22 +0000 2019,@nytimes,0.0,1.0,0.0,"Go behind the byline. Our Tokyo bureau chief @motokorich reported this story on Japan's working moms.

2 words sum‚Ä¶ https://t.co/NyULUq4Li8",50
0.0772,Sat Feb 02 17:30:06 +0000 2019,@nytimes,0.165,0.658,0.177,"""Being black and queer presents a unique challenge: We have to fight twice as hard for acceptance, and often within‚Ä¶ https://t.co/xUGogAtlo3",51
-0.844,Sat Feb 02 17:20:08 +0000 2019,@nytimes,0.313,0.687,0.0,"Japan needs moms in the workplace, but many are stuck in limited roles as they shoulder most of the burden at home‚Ä¶ https://t.co/87L0Iy9oqj",52
-0.7964,Sat Feb 02 17:15:08 +0000 2019,@nytimes,0.351,0.649,0.0,Russia says it will build weapons previously banned under a nuclear disarmament treaty and will no longer initiate‚Ä¶ https://t.co/838RWVtqHm,53
0.5994,Sat Feb 02 17:00:14 +0000 2019,@nytimes,0.0,0.83,0.17,"Whatever jersey you‚Äôre wearing for Super Bowl LIII, here are some recipes for food to sustain you through thrilling‚Ä¶ https://t.co/0nrXdJZ2kL",54
-0.4019,Sat Feb 02 16:53:44 +0000 2019,@nytimes,0.101,0.899,0.0,"RT @jmartNYT: STORY: Northam, hunkered down w advisers, is refusing to quit, making case he does not think it was him in the photo. And he'‚Ä¶",55
-0.2023,Sat Feb 02 16:45:07 +0000 2019,@nytimes,0.121,0.792,0.088,"RT @NYTNational: Henry Ford's anti-Semitism is well known. So why did the mayor of Dearborn, Mich., block a magazine's effort to spotlight‚Ä¶",56
-0.3182,Sat Feb 02 16:30:05 +0000 2019,@nytimes,0.108,0.892,0.0,"While international attention has turned to the power struggle for the presidency of Venezuela, the people of the c‚Ä¶ https://t.co/kB0aIivwxE",57
0.0,Sat Feb 02 16:20:43 +0000 2019,@nytimes,0.0,1.0,0.0,Gov. Ralph Northam of Virginia is calling state Democrats to say that he was not one of the men depicted in a recen‚Ä¶ https://t.co/S31LpbPiOu,58
-0.25,Sat Feb 02 16:15:06 +0000 2019,@nytimes,0.095,0.905,0.0,"Few times in Venezuela‚Äôs recent history has so much appeared to be hanging on a protest, as opposition leader Juan‚Ä¶ https://t.co/aEt8QpVbfn",59
0.0,Sat Feb 02 16:00:14 +0000 2019,@nytimes,0.0,1.0,0.0,"‚ÄúHe upgraded the game, and he upgraded my Brooklyn Dodgers, and he upgraded life in America in his 10 years in the‚Ä¶ https://t.co/teF5uzGIkp",60
-0.296,Sat Feb 02 15:45:02 +0000 2019,@nytimes,0.109,0.891,0.0,It's time for your weekend playlist ‚Äî here are the songs that @nytimesmusic critics think you need to hear https://t.co/heEmN6ubie,61
-0.8074,Sat Feb 02 15:33:40 +0000 2019,@nytimes,0.332,0.618,0.05,Gov. Ralph Northam of Virginia is facing intense pressure to resign after admitting that he posed in a racist costu‚Ä¶ https://t.co/Zv9aLjNwKc,62
0.25,Sat Feb 02 15:31:05 +0000 2019,@nytimes,0.2,0.56,0.24,"Late last year, distressed holiday bakers discovered Hershey‚Äôs Kisses were missing their tips. Now Hershey says the‚Ä¶ https://t.co/HF9U9Wpn3o",63
0.5994,Sat Feb 02 15:15:08 +0000 2019,@nytimes,0.052,0.711,0.237,A special edition of the Overlooked obituaries series is highlighting a prominent group of black men and women whos‚Ä¶ https://t.co/FnjjNSTzPX,64
-0.7184,Sat Feb 02 15:15:06 +0000 2019,@nytimes,0.245,0.693,0.062,New video shows the moment of a fatal dam collapse in Brazil. Vehicles are seen racing around to escape the wave of‚Ä¶ https://t.co/rneuAe91RT,65
0.4754,Sat Feb 02 15:00:06 +0000 2019,@nytimes,0.0,0.877,0.123,"RT @NYTSports: New England has a reputation for insularity that it probably doesn't deserve. After all, it really likes Tom Brady and Big P‚Ä¶",66
-0.25,Sat Feb 02 14:49:12 +0000 2019,@nytimes,0.091,0.909,0.0,"Iran just banned walking dogs in public. The animals have traditionally been seen as impure under Islam, but in Teh‚Ä¶ https://t.co/byRjq69jhy",67
-0.1901,Sat Feb 02 14:31:19 +0000 2019,@nytimes,0.074,0.926,0.0,"In Opinon

Yung In Chae and Johanna Hanink write, ""Perhaps the biggest mess is not in our closets but in our minds"" https://t.co/TXsJ6TvjE3",68
0.4404,Sat Feb 02 14:20:49 +0000 2019,@nytimes,0.09,0.745,0.165,Their love story almost came to an abrupt end when she confused him with an ex-con of the same name https://t.co/OTGTTAFO9f,69
0.7096,Sat Feb 02 14:00:11 +0000 2019,@nytimes,0.0,0.688,0.312,"The best movies and TV shows new to Netflix, Amazon and more in February https://t.co/PtQ16vmmH2",70
-0.6124,Sat Feb 02 13:45:02 +0000 2019,@nytimes,0.254,0.656,0.09,"Ralph Northam, the governor of Virginia, admits he was in a racist photo as calls for his resignation grow https://t.co/qdF6atpvPG",71
-0.0191,Sat Feb 02 13:30:10 +0000 2019,@nytimes,0.057,0.889,0.054,"They moved in, and they didn't want to leave. This Siberian cave was occupied by a mysterious human lineage for mor‚Ä¶ https://t.co/VqcBrXwUke",72
0.0,Sat Feb 02 13:15:03 +0000 2019,@nytimes,0.0,1.0,0.0,"Chicken, cauliflower, olives, tomatoes, feta ‚Äî this is a stew of extraordinary flavor and complexity, down to its h‚Ä¶ https://t.co/6lVspGOuBj",73
0.0772,Sat Feb 02 13:00:11 +0000 2019,@nytimes,0.0,0.933,0.067,"Two hours to investigate a case, five minutes in a courtroom. Public defenders have little time to provide an effec‚Ä¶ https://t.co/p71Q6QfekR",74
0.0624,Sat Feb 02 12:45:05 +0000 2019,@nytimes,0.076,0.84,0.084,"RT @motokorich: NEW: What it's like as a working Mom in Japan. They do it all, with the least help from Dads of any in the world's wealthie‚Ä¶",75
0.0,Sat Feb 02 12:30:02 +0000 2019,@nytimes,0.0,1.0,0.0,"""An 85-minute interview with the president offers plenty of clues for Trumpologists seeking to understand him and t‚Ä¶ https://t.co/rKnwpGS5zG",76
0.0,Sat Feb 02 12:11:52 +0000 2019,@nytimes,0.0,1.0,0.0,RT @BellaKwai: More Indigenous Australians are becoming entrepreneurs as a way to take control over their destinies and represent their com‚Ä¶,77
-0.296,Sat Feb 02 11:54:14 +0000 2019,@nytimes,0.099,0.901,0.0,"2 new Pacific island resorts in Panama, No. 4 in our 52 Places To Go list, are expanding Panama‚Äôs west coast appeal https://t.co/EjBGKrU5RC",78
0.1779,Sat Feb 02 11:37:03 +0000 2019,@nytimes,0.0,0.918,0.082,The largest infrastructure project ever is growing in the middle of nowhere. China aims to make a remote Kazakh tow‚Ä¶ https://t.co/nD4AGslFT9,79
0.0,Sat Feb 02 11:31:37 +0000 2019,@nytimes,0.0,1.0,0.0,Just over half of Japanese mothers go back to work after the birth of their first child. But they often have part-t‚Ä¶ https://t.co/4iYxHcWnOx,80
-0.4404,Sat Feb 02 11:25:53 +0000 2019,@nytimes,0.162,0.838,0.0,Japanese women also shoulder a disproportionate burden at home. Cooking a typical dinner often involves preparing m‚Ä¶ https://t.co/m3z2Ki8J3Q,81
-0.4404,Sat Feb 02 11:19:42 +0000 2019,@nytimes,0.178,0.822,0.0,"While Japanese women have entered the workforce at historic levels, many are stuck in limited roles. 

More than ha‚Ä¶ https://t.co/jzK83svJZT",82
0.4588,Sat Feb 02 11:17:19 +0000 2019,@nytimes,0.0,0.857,0.143,"Japan‚Äôs prime minister, Shinzo Abe, has a goal of energizing his nation‚Äôs puttering economy by elevating women in t‚Ä¶ https://t.co/9x7doeVrE2",83
0.0772,Sat Feb 02 11:12:05 +0000 2019,@nytimes,0.0,0.936,0.064,Many working moms in Japan face a unique challenge: Men do less housework than anywhere else in the developed world‚Ä¶ https://t.co/fL4tIYOaSh,84
0.0,Sat Feb 02 11:00:03 +0000 2019,@nytimes,0.0,1.0,0.0,"RT @motokorich: To understand what really holds back working mothers in Japan, look inside their homes. Women who work more than 49 hours a‚Ä¶",85
0.5423,Sat Feb 02 10:47:10 +0000 2019,@nytimes,0.079,0.73,0.19,"RT @powellnyt: Behold the Knicks. Or Better Yet, Start Rooting for the Nets. ""When in doubt with the Knicks it is wisest to bank on inexpli‚Ä¶",86
-0.34,Sat Feb 02 10:30:00 +0000 2019,@nytimes,0.142,0.78,0.078,"RT @nytopinion: The likelihood of a nuclear accident or blunder seems to be growing by the day, writes @RachelBronson1 https://t.co/6wuy7H8‚Ä¶",87
0.4767,Sat Feb 02 10:04:03 +0000 2019,@nytimes,0.0,0.853,0.147,"""This Land,"" a new piece that melds art and environmental activism by David Opdyke, invites and rewards and present‚Ä¶ https://t.co/YwbVgkBr8b",88
0.5719,Sat Feb 02 09:47:35 +0000 2019,@nytimes,0.0,0.837,0.163,"RT @puiwingtam: When Apple flexes its muscles, Facebook employees cannot look up the lunch menus in their cafeterias. 
Excellent @MikeIsaac‚Ä¶",89
0.0,Sat Feb 02 09:30:07 +0000 2019,@nytimes,0.0,1.0,0.0,RT @katie_thomas: Pro tip: Never suggest an idea to an editor that you're not willing to do yourself. https://t.co/HIxaXZLm4p,90
0.0,Sat Feb 02 09:03:20 +0000 2019,@nytimes,0.0,1.0,0.0,"For more and more people, taking a DNA test is just the first step. The second is heading to the airport so they ca‚Ä¶ https://t.co/lJ50WvD4Pc",91
0.2732,Sat Feb 02 08:47:11 +0000 2019,@nytimes,0.0,0.89,0.11,"A new generation of fitness trackers aim to analyze sweat, producing a real-time snapshot of the wearer‚Äôs health or‚Ä¶ https://t.co/JjBGKmXrR4",92
0.0,Sat Feb 02 08:30:06 +0000 2019,@nytimes,0.0,1.0,0.0,"RT @nytimesarts: ""If our current leaders read books about black kids when they were kids, we wouldn‚Äôt be where we are today. If they read b‚Ä¶",93
-0.7717,Sat Feb 02 08:04:02 +0000 2019,@nytimes,0.324,0.676,0.0,"In this virtual reality version of Shakespeare, you are the ghost of Hamlet‚Äôs murdered father https://t.co/1436rHtwxM",94
-0.4767,Sat Feb 02 07:47:10 +0000 2019,@nytimes,0.129,0.871,0.0,"‚ÄúMy family has been disappointed now for 97 years waiting for the subway."" Staten Island is the only New York City‚Ä¶ https://t.co/Ixsod0wEM4",95
0.0,Sat Feb 02 07:30:07 +0000 2019,@nytimes,0.0,1.0,0.0,RT @zinoman: New column: Comics who sing. https://t.co/xpx42IyuK3,96
0.0,Sat Feb 02 07:03:58 +0000 2019,@nytimes,0.0,1.0,0.0,What photographers across North America‚Äôs frigid midsection saw this week https://t.co/5tSWxM7zz9,97
-0.1027,Sat Feb 02 06:46:54 +0000 2019,@nytimes,0.138,0.75,0.113,10 new books recommended by critics and editors at The New York Times https://t.co/9FEmjDJIT4,98
-0.5994,Sat Feb 02 06:30:08 +0000 2019,@nytimes,0.17,0.83,0.0,RT @NYTHealth: The official cause of Lamekia Dockery's death was sepsis from an untreated perforated ulcer. Read how @sarahmaslinnir obtain‚Ä¶,99
